03f3465f2caada9d1a1764df15a13ef0d6515232	[0, 0, 0, 0, 0, 0, 0, 0, 0, 0, 0, 0, 0, 0.0, 0, 0, 0, 0, 0.0, 3]	1
2c73008838f3a50c4829e4444717bb6f22b6a142	[0, 0, 0, 0, 2, 1, 0, 1, 0, 0, 6, 3, 12, 1.5, 1, 5, 3, 12, 1.5, 8]	0
8ec8ffcf07d027fc57b68ea6dc656086d5f06c8b	[0, 1, 0, 1, 2, 2, 0, 1, 1, 2, 5, 3, 152, 3.1666666666666665, 2, 7, 3, 164, 3.4166666666666665, 48]	0
110812935b87cb0264ececdcb44b0faf9b784a33	[0, 6, 0, 0, 6, 1, 0, 6, 0, 0, 9, 2, 102, 1.2, 1, 14, 6, 360, 4.235294117647059, 85]	0
9ebbe2c32209607e70f0e1e54cf8e393c2f0e28c	[0, 4, 0, 0, 5, 1, 0, 4, 0, 0, 11, 1, 333, 0.09660574412532637, 1, 12, 4, 918, 0.26631853785900783, 3447]	0
14d64370eea446120699709c387d73e3269e0e43	[0, 1, 0, 0, 6, 1, 0, 1, 0, 0, 7, 1, 110, 1.4864864864864864, 1, 8, 4, 307, 4.148648648648648, 74]	0
657dc39b6d631f93b8a2391b1bcfead01995a751	[0, 1, 0, 0, 3, 1, 0, 1, 1, 0, 18, 7, 195, 3.6792452830188678, 1, 18, 8, 218, 4.113207547169812, 53]	0
73a4dbcbdc8eed793da6f11ae98a5bbb15b0b337	[0, 1, 0, 1, 1, 1, 1, 1, 1, 3, 32, 11, 517, 7.602941176470588, 4, 36, 12, 562, 8.264705882352942, 68]	0
50df923bfb03605799a023601f94d5b7bad62b32	[0, 0, 0, 0, 3, 2, 0, 1, 1, 0, 16, 4, 624, 2.236559139784946, 2, 14, 4, 816, 2.924731182795699, 279]	0
afb7df355c4aa2be978b7ea8d73006f303b98eda	[0, 0, 0, 0, 0, 0, 0, 0, 0, 0, 0, 0, 0, 0.0, 0, 0, 0, 0, 0.0, 1]	0
00224dc5dfba30436133d0ae68e48a4a69d00100	[0, 6, 0, 0, 6, 0, 0, 6, 0, 0, 40, 0, 448, 1.2873563218390804, 1, 46, 3, 1063, 3.0545977011494254, 348]	0
fd9da2325a903775b3ba5738893c7da9ebd26ad7	[0, 1, 1, 1, 6, 1, 0, 2, 1, 1, 11, 4, 94, 3.032258064516129, 3, 10, 4, 97, 3.129032258064516, 31]	0
6d0659e1a9864d3b94136af468d3c96dcde44963	[0, 0, 0, 1, 6, 1, 0, 3, 0, 1, 48, 2, 271, 3.1511627906976742, 3, 43, 8, 428, 4.976744186046512, 86]	0
c481c4d6721c08fd6024895c3d2a8fe71df745a9	[0, 1, 0, 0, 4, 2, 0, 1, 1, 0, 30, 10, 2231, 5.388888888888889, 1, 30, 10, 2449, 5.915458937198068, 414]	0
19ca42ec9862f6856d280d2b382f186478d427b4	[0, 0, 0, 0, 0, 0, 0, 0, 0, 0, 0, 0, 0, 0.0, 0, 0, 0, 0, 0.0, 2]	1
b6014ca6ae4cd4df39ce96e497e41df698715362	[0, 2, 0, 1, 2, 1, 0, 2, 0, 1, 7, 2, 22, 1.0476190476190477, 1, 15, 4, 59, 2.8095238095238093, 21]	0
ae5d544d1d9c8054d09bbe94c091c9f86c70df85	[0, 1, 0, 0, 6, 1, 0, 2, 1, 0, 98, 6, 1447, 5.319852941176471, 1, 140, 7, 1987, 7.305147058823529, 272]	0
77e64654c8ace63cbc81c2d3864c0fd736d32eda	[0, 6, 0, 0, 6, 1, 0, 6, 0, 0, 28, 2, 210, 1.926605504587156, 1, 12, 5, 384, 3.522935779816514, 109]	0
b8774f6c5d8e005738220e2cede7a039f72980c8	[0, 6, 0, 0, 7, 1, 0, 6, 1, 0, 263, 7, 3077, 6.5190677966101696, 1, 266, 8, 3568, 7.559322033898305, 472]	0
330e5d4ada46017b7f984d9d6421b6742a3f3025	[0, 0, 0, 0, 1, 1, 0, 0, 0, 0, 2, 1, 18, 0.6666666666666666, 4, 10, 7, 141, 5.222222222222222, 27]	1
83b8dc9fc9955a82a8158832c19b024bb29961c0	[0, 0, 0, 1, 2, 1, 0, 1, 1, 4, 12, 5, 27, 4.5, 8, 18, 8, 42, 7.0, 6]	0
d55180377155205cd29ed8b9cbcb9d1e6ec0af15	[0, 6, 0, 0, 6, 1, 0, 6, 0, 0, 28, 4, 7005, 1.8185358255451713, 1, 66, 10, 16354, 4.245586708203531, 3852]	0
7970be8ace4a7e3db140c2de5cb8375eadddc671	[0, 6, 0, 0, 6, 0, 0, 6, 0, 0, 13, 0, 231, 0.9130434782608695, 1, 10, 3, 477, 1.8853754940711462, 253]	0
b212afdc3cf58dd4ea235c880658a93c905bf204	[2, 2, 2, 2, 2, 2, 2, 2, 2, 2, 2, 2, 8, 1.0, 1, 1, 1, 4, 0.5, 8]	0
680b526e56896adeb05d6df306c6d493756ddac2	[0, 1, 0, 0, 1, 0, 0, 1, 0, 0, 4, 2, 4, 1.0, 4, 4, 4, 8, 2.0, 4]	0
5261c703e744fc6e4985cdde51ba5206d8b3b8ae	[0, 1, 0, 0, 2, 1, 0, 1, 0, 0, 16, 4, 54, 2.7, 1, 30, 9, 109, 5.45, 20]	1
d09c1d559b3308510388739ffa4f3e47ae55c3d2	[0, 3, 0, 0, 6, 0, 0, 3, 0, 0, 22, 0, 3015, 0.6674784148771309, 1, 64, 5, 15478, 3.426610582244853, 4517]	0
753ae6fd586abbdbbbf9ca69dd9f2c81d1a8b4c8	[0, 0, 0, 0, 1, 0, 0, 1, 0, 0, 3, 0, 6, 0.6666666666666666, 1, 4, 1, 15, 1.6666666666666667, 9]	0
5b7a998fe4ed184fd70a7163935bd34885a3400c	[0, 0, 0, 6, 6, 6, 6, 6, 6, 12, 12, 12, 12, 12.0, 3, 3, 3, 3, 3.0, 1]	0
d35683fcd8eefc9ee6175cb988bbd9090a9ea997	[0, 0, 0, 0, 2, 2, 0, 0, 0, 0, 10, 8, 80, 5.0, 4, 14, 13, 144, 9.0, 16]	0
6466e91b3acaa34f14e1781bd8d88ec54fdef40f	[0, 0, 0, 0, 0, 0, 0, 0, 0, 0, 0, 0, 0, 0.0, 0, 0, 0, 0, 0.0, 7]	0
ceb8a2e37b2450e10116df4f32e310335de83473	[0, 1, 0, 0, 6, 1, 0, 1, 0, 0, 28, 5, 299, 4.04054054054054, 3, 44, 9, 563, 7.608108108108108, 74]	0
8168c5e27b7c8a4f5509ed376c0a5efcec61e87c	[0, 3, 0, 0, 4, 3, 0, 3, 1, 0, 110, 11, 2583, 10.415322580645162, 1, 172, 11, 2763, 11.141129032258064, 248]	0
e18c7d165df1ac3d84f98b772d3391e988175253	[0, 1, 0, 1, 2, 2, 0, 1, 0, 1, 13, 6, 20, 0.5405405405405406, 1, 25, 24, 50, 1.3513513513513513, 37]	0
338af17f63d122bbd68392f6aa62984e6db435ad	[0, 1, 0, 0, 6, 0, 0, 1, 0, 0, 24, 0, 44, 3.142857142857143, 2, 14, 2, 48, 3.4285714285714284, 14]	0
4d0408c0dea59a52717de863abfc88214936698c	[0, 1, 1, 0, 3, 1, 0, 1, 1, 0, 24, 8, 168, 3.7333333333333334, 1, 24, 8, 161, 3.577777777777778, 45]	0
a2ff62884e8f71b198bb6d07e768d02f3701906e	[0, 1, 0, 0, 5, 2, 0, 1, 1, 0, 36, 10, 805, 6.44, 2, 38, 14, 1208, 9.664, 125]	0
5e2e58611d737e0eb8b2956d1456f758de730af0	[0, 0, 0, 1, 6, 1, 1, 1, 1, 7, 19, 9, 35, 5.833333333333333, 9, 11, 11, 31, 5.166666666666667, 6]	0
b4a46db997513195104a8877cb8787682e8e4cc1	[0, 1, 0, 0, 6, 0, 0, 1, 0, 0, 12, 0, 193, 0.3133116883116883, 1, 12, 3, 911, 1.478896103896104, 616]	0
634f926c2206d14248ce247ac2169b03eb3de2c5	[0, 1, 1, 1, 6, 1, 1, 3, 1, 1, 19, 3, 185, 3.7755102040816326, 1, 12, 3, 156, 3.183673469387755, 49]	0
0ff9e4bb11428f6eda7084c2885775874017b1a5	[0, 0, 0, 0, 2, 1, 0, 1, 0, 0, 15, 6, 28, 1.4, 1, 14, 11, 38, 1.9, 20]	0
2f6b718e42768de4a1221151a73cdc367fe38e7b	[0, 0, 0, 0, 0, 0, 0, 0, 0, 0, 0, 0, 0, 0.0, 5, 7, 6, 24, 2.6666666666666665, 9]	0
3e4df21478bcf2e3191545050898cf15b7ec82d7	[0, 0, 0, 0, 5, 1, 0, 1, 0, 0, 24, 3, 358, 3.1964285714285716, 1, 40, 8, 1116, 9.964285714285714, 112]	0
ad8ca63001ef8c29b67ebebf0e155ef15416d372	[0, 6, 0, 0, 6, 1, 0, 6, 0, 0, 82, 3, 3345, 1.0417315478044222, 1, 128, 6, 8176, 2.5462472749922145, 3211]	0
c13fff055f730f634cba8edf47b30ef39cc2c07f	[0, 0, 0, 0, 6, 1, 0, 2, 0, 0, 32, 2, 189, 1.2038216560509554, 1, 46, 6, 563, 3.5859872611464967, 157]	0
a6b6203df29972dc4f92905bda68217a4fcbd2fd	[0, 1, 1, 1, 2, 2, 1, 1, 1, 4, 4, 4, 24, 1.1428571428571428, 3, 7, 3, 25, 1.1904761904761905, 21]	0
ae8996273346a9c5cc75c4a3d14d9b7d16976de7	[0, 1, 0, 0, 2, 2, 0, 1, 1, 0, 14, 9, 231, 6.078947368421052, 1, 13, 13, 280, 7.368421052631579, 38]	0
4fc45251842f38e1d2f8a43a4a39ad91aa817f76	[0, 1, 0, 0, 6, 1, 0, 2, 1, 0, 44, 6, 1611, 7.935960591133005, 1, 30, 8, 1949, 9.600985221674877, 203]	0
86954d25d71b85de5ff8d08b79dfc9d5383ef8af	[0, 1, 0, 2, 3, 2, 1, 1, 1, 4, 11, 6, 39, 0.37142857142857144, 3, 11, 5, 34, 0.3238095238095238, 105]	1
f3088c6b3e6c1fc2679fe626066ab56e82692eee	[0, 6, 0, 0, 6, 0, 0, 6, 0, 0, 18, 0, 198, 0.6666666666666666, 1, 10, 2, 634, 2.1346801346801345, 297]	0
e98b86477dd5cc07c5915963300afcceb28d6570	[0, 0, 0, 2, 2, 2, 0, 0, 0, 2, 2, 2, 2, 0.2222222222222222, 5, 5, 5, 5, 0.5555555555555556, 9]	0
45ff0a7dd5299785db3653cb580671fbea3a7624	[0, 6, 0, 0, 6, 0, 0, 6, 0, 0, 12, 0, 100, 1.0869565217391304, 1, 10, 2, 129, 1.4021739130434783, 92]	0
db43327cd9e8a9af86b6290d5b49ac8ed5f8683b	[0, 0, 0, 1, 2, 2, 1, 1, 1, 4, 8, 7, 30, 3.75, 6, 8, 8, 36, 4.5, 8]	0
a0064c737a4ed59031e0fbaf209b89274d5363d1	[0, 6, 0, 0, 6, 0, 0, 6, 0, 0, 14, 0, 90, 0.6428571428571429, 1, 14, 3, 292, 2.085714285714286, 140]	0
c6c8163c4b844751217bae4f29a10e7b9e354b0b	[0, 2, 1, 0, 6, 1, 0, 2, 1, 0, 42, 8, 19099, 5.337898267188374, 1, 104, 7, 20183, 5.640860816098379, 3578]	0
3497328699cbfe2287c8042719395eba9054ad71	[0, 0, 0, 0, 0, 0, 0, 0, 0, 0, 0, 0, 0, 0.0, 2, 6, 2, 19, 2.111111111111111, 9]	0
48d55d4e515954b2745ca6f29136cd0965f381ee	[0, 0, 0, 0, 6, 0, 0, 3, 0, 0, 6, 0, 144, 0.51985559566787, 1, 8, 1, 377, 1.3610108303249098, 277]	0
23f4fcaf688ff851e7d6234221f3b759086e35b6	[0, 1, 0, 0, 6, 1, 0, 1, 1, 0, 64, 11, 1838, 14.472440944881889, 1, 54, 11, 1879, 14.795275590551181, 127]	0
a563b8ed187be874c77e811e45515cba01eb2e59	[0, 0, 0, 2, 2, 2, 1, 1, 1, 24, 24, 24, 24, 0.5217391304347826, 32, 32, 32, 32, 0.6956521739130435, 46]	0
6e9fc361794d50afc60625708b9e1be04a925b3b	[0, 6, 0, 0, 6, 1, 0, 6, 0, 0, 24, 2, 6900, 1.4073016520497654, 1, 162, 8, 20023, 4.083826228839486, 4903]	0
a8bee19c5bd4e4bbd6fcb1c8e74876563374ba31	[0, 0, 0, 0, 2, 1, 0, 1, 0, 0, 8, 2, 497, 1.2063106796116505, 3, 10, 4, 891, 2.162621359223301, 412]	0
d7442551917e16fb1414adacff1a6261e2732eb1	[1, 1, 1, 6, 6, 6, 1, 1, 1, 8, 8, 8, 8, 8.0, 3, 3, 3, 3, 3.0, 1]	1
ab3041af50a792aca533541d5187d9388c810d44	[0, 1, 1, 0, 2, 1, 0, 1, 1, 0, 22, 3, 559, 1.0351851851851852, 1, 32, 2, 877, 1.624074074074074, 540]	0
dee5f8250ea484b7a8989cd2734e38b74532e41e	[0, 0, 0, 0, 2, 1, 0, 1, 0, 0, 10, 2, 114, 2.0, 3, 18, 5, 319, 5.5964912280701755, 57]	0
8513dd035737904c5e6d8b92260da5722a3d47d0	[0, 1, 0, 1, 5, 2, 0, 1, 1, 1, 21, 10, 442, 5.080459770114943, 2, 16, 10, 426, 4.896551724137931, 87]	0
c7ba17823519c202bd98452b799b69fe78f1a3d1	[0, 6, 0, 0, 6, 1, 0, 6, 0, 0, 15, 1, 407, 1.4230769230769231, 1, 18, 4, 953, 3.332167832167832, 286]	0
3dec16edbb27166382727f702e5f457943c5eb49	[0, 1, 0, 0, 6, 1, 0, 3, 0, 0, 12, 2, 136, 1.7894736842105263, 1, 18, 5, 332, 4.368421052631579, 76]	0
62e90ad46008af14288459245552b4ccdc58cd7b	[0, 1, 0, 0, 3, 1, 0, 1, 1, 0, 244, 8, 8311, 8.386478304742685, 1, 340, 12, 15386, 15.525731584258326, 991]	0
e396bae3f4f758be7dbce903ba4938a6bc57d1e3	[0, 1, 0, 0, 6, 2, 0, 2, 1, 0, 22, 7, 530, 5.0476190476190474, 2, 30, 8, 596, 5.6761904761904765, 105]	0
b1eb0dfc9b95cbc3938a4b61212a54e054744eb5	[0, 0, 0, 1, 1, 1, 0, 1, 0, 3, 12, 3, 33, 6.6, 6, 24, 6, 60, 12.0, 5]	0
bcfa299f4c28c281a0cf9ebc25dfd7557763ac9f	[0, 0, 0, 0, 0, 0, 0, 0, 0, 0, 0, 0, 0, 0.0, 4, 5, 4, 9, 1.5, 6]	0
d2d4ce60d0798b89aeb24720ca911a5f8d636c73	[0, 2, 0, 0, 4, 2, 0, 2, 0, 0, 620, 6, 10473, 15.31140350877193, 1, 904, 11, 16140, 23.596491228070175, 684]	0
47fb76cbd1b96f276b39ab0f35b8f7949a469765	[0, 0, 0, 0, 0, 0, 0, 0, 0, 0, 0, 0, 0, 0.0, 0, 0, 0, 0, 0.0, 252]	0
7a9af586f3824a0baa0d889cc4d56c3014f05fde	[0, 0, 0, 0, 0, 0, 0, 0, 0, 0, 0, 0, 0, 0.0, 0, 0, 0, 0, 0.0, 1]	1
faf8d1e4694d516f85fc4d7c518abab4fa00d670	[1, 1, 1, 1, 1, 1, 1, 1, 1, 2, 4, 2, 11, 2.75, 2, 4, 2, 11, 2.75, 4]	0
915dc1c7bbd68cb13f61a7a59da095bc0f8ae4ad	[0, 0, 0, 0, 0, 0, 0, 0, 0, 0, 0, 0, 0, 0.0, 0, 0, 0, 0, 0.0, 9]	0
f88e3cc6dd0a66aab4419e0543ef526185e02059	[0, 0, 0, 0, 3, 1, 0, 1, 0, 0, 14, 7, 14, 1.75, 12, 14, 13, 26, 3.25, 8]	0
9a54e22c3199d027b9ddb15e99024b7e72aa9ca8	[0, 0, 0, 0, 2, 0, 0, 1, 0, 0, 7, 0, 28, 0.29473684210526313, 2, 10, 4, 170, 1.7894736842105263, 95]	1
acfe5b0f70dff69e6ee670ee72dfb9d7fd14abc7	[0, 0, 0, 1, 1, 1, 1, 1, 1, 4, 4, 4, 4, 4.0, 7, 7, 7, 7, 7.0, 1]	1
fea59b39173ad921209a2f9a6ec2c32ab2273c06	[1, 1, 1, 1, 1, 1, 1, 1, 1, 2, 2, 2, 6, 0.75, 2, 2, 2, 6, 0.75, 8]	0
89ce59243d4073420356a0b7520575335ec23cad	[0, 6, 0, 0, 6, 1, 0, 6, 0, 0, 28, 9, 284, 6.604651162790698, 1, 62, 12, 632, 14.69767441860465, 43]	0
6b503b6973a2f2e11ec431fb8db09245d40f3499	[0, 0, 0, 0, 0, 0, 0, 0, 0, 0, 0, 0, 0, 0.0, 0, 0, 0, 0, 0.0, 3]	0
1ed6378846a4db9565cf7dc44031605afdf60a34	[0, 1, 0, 0, 5, 2, 0, 1, 0, 0, 112, 8, 1176, 7.788079470198675, 1, 122, 12, 1657, 10.973509933774835, 151]	0
b3e3e882cd3be6bdd9602ef36be0f1380243b81d	[0, 0, 0, 0, 0, 0, 0, 0, 0, 0, 0, 0, 0, 0.0, 0, 0, 0, 0, 0.0, 1]	1
83b2d32916971d18bcf832954ead40b8352ab2d7	[0, 0, 0, 0, 0, 0, 0, 0, 0, 0, 0, 0, 0, 0.0, 6, 6, 6, 12, 3.0, 4]	0
c7c3465fe7026244020fb361fab7d9ac65f0acc1	[0, 1, 0, 0, 3, 2, 0, 1, 1, 0, 7, 6, 63, 3.0, 1, 7, 5, 64, 3.0476190476190474, 21]	0
e716d8c6dc4bc75afd9dc513ff3b76a63b9df544	[0, 0, 0, 0, 6, 1, 0, 0, 0, 0, 16, 4, 26, 5.2, 6, 18, 14, 64, 12.8, 5]	0
6eacd54dd104b1dcedf9df6e9aef9bc836c18333	[0, 6, 0, 0, 6, 1, 0, 6, 1, 0, 28, 3, 1341, 2.1456, 1, 22, 4, 1655, 2.648, 625]	0
8d269dba106e66c6a1aefc9400cd951147209349	[0, 1, 0, 0, 6, 1, 0, 2, 0, 0, 14, 5, 306, 3.6867469879518073, 3, 12, 7, 443, 5.337349397590361, 83]	1
7270b85446d68e18aaa1226697f335fd3b0cf6ce	[0, 0, 0, 0, 6, 1, 0, 0, 0, 0, 26, 1, 55, 3.6666666666666665, 4, 24, 8, 171, 11.4, 15]	0
c8e257b1b55317f3203effef7a5a5b824e4e7548	[0, 6, 0, 0, 6, 1, 0, 6, 1, 0, 10, 4, 61, 2.5416666666666665, 1, 12, 4, 79, 3.2916666666666665, 24]	0
e8eafa1fbb6bed069adeebf1cdbfbf699b777860	[0, 2, 0, 0, 6, 1, 0, 3, 0, 0, 16, 1, 466, 0.797945205479452, 1, 20, 3, 822, 1.4075342465753424, 584]	0
542883e9e969213ac7cd90ed3eb791247a1ba17d	[0, 0, 0, 1, 1, 1, 0, 0, 0, 1, 1, 1, 1, 1.0, 7, 7, 7, 7, 7.0, 1]	0
a8aae025211f3b9457332468c271dd07cd88c43e	[0, 1, 1, 0, 2, 1, 0, 1, 1, 0, 12, 5, 429, 4.205882352941177, 2, 10, 5, 409, 4.009803921568627, 102]	0
0b77aed4507ab89955bc51868d43ebf2395560df	[0, 1, 1, 1, 2, 1, 0, 1, 1, 1, 7, 3, 20, 3.3333333333333335, 1, 16, 3, 35, 5.833333333333333, 6]	0
9dcdca5e5132bf5d2b708e239e9a560879826399	[0, 6, 0, 0, 6, 1, 0, 6, 1, 0, 24, 5, 945, 4.1629955947136565, 1, 22, 8, 1458, 6.422907488986784, 227]	0
5316d2d804a8535f42d647d72de6deec78d7b37b	[0, 1, 0, 0, 1, 1, 0, 1, 1, 0, 10, 4, 25, 3.125, 1, 16, 6, 44, 5.5, 8]	0
433dca8697ceb12ef26ba474ec2548147fc74bda	[0, 1, 1, 0, 1, 1, 0, 1, 1, 0, 4, 2, 16, 1.2307692307692308, 1, 8, 4, 29, 2.230769230769231, 13]	0
09d30f30295ec402d25d259ba5b97a747f17e133	[0, 6, 1, 0, 6, 1, 0, 6, 1, 0, 12, 2, 450, 2.0642201834862384, 1, 14, 2, 548, 2.5137614678899083, 218]	0
346c1e8d305af63b203a676f55648dacce3d6f0f	[0, 1, 0, 0, 2, 0, 0, 2, 0, 0, 8, 0, 16, 1.0666666666666667, 3, 6, 4, 49, 3.2666666666666666, 15]	0
d7c6bfcac07a68565b2ae09d1bf3ce82099e989b	[0, 0, 0, 0, 6, 0, 0, 1, 0, 0, 24, 0, 68, 1.1724137931034482, 4, 22, 5, 274, 4.724137931034483, 58]	0
a3e56b97c2f2443e05963b029300225a85f7af01	[0, 1, 0, 0, 6, 0, 0, 1, 0, 0, 24, 0, 48, 0.6666666666666666, 1, 20, 9, 251, 3.486111111111111, 72]	0
8cb15e52b553adf8566a3a773669dda4a3bff32f	[0, 1, 0, 0, 6, 1, 0, 1, 0, 0, 16, 2, 153, 2.9423076923076925, 4, 14, 5, 267, 5.134615384615385, 52]	0
c767588d881a90d01540855addfa8beeb2caed8f	[0, 0, 0, 0, 6, 1, 0, 1, 0, 0, 24, 1, 81, 1.208955223880597, 1, 16, 6, 215, 3.208955223880597, 67]	0
75f015350ef4cafc17a3aed3ac23caa2cc9e8b4f	[0, 1, 0, 0, 2, 2, 0, 1, 0, 0, 12, 6, 114, 1.2127659574468086, 2, 20, 13, 253, 2.6914893617021276, 94]	0
9e432c9c76704962ba1eb3b6403d030a3a5e53ce	[0, 0, 0, 0, 0, 0, 0, 0, 0, 0, 0, 0, 0, 0.0, 0, 0, 0, 0, 0.0, 2]	0
0c5fa30ca6652e4e026c74c06598a6d1e7ddcfc5	[0, 1, 0, 0, 5, 1, 0, 1, 0, 0, 32, 4, 1058, 2.4662004662004664, 1, 36, 5, 1556, 3.6270396270396272, 429]	0
5bb3b56c6508e5a44e61c897c3e8bb568208cb45	[0, 1, 1, 0, 4, 1, 0, 2, 1, 0, 18, 3, 1115, 2.257085020242915, 1, 30, 3, 1225, 2.479757085020243, 494]	0
5fe3698ea87962725b11f7609ea3ce6979ae0e78	[0, 6, 0, 0, 6, 1, 0, 6, 0, 0, 25, 2, 857, 1.8918322295805738, 1, 36, 5, 1208, 2.6666666666666665, 453]	0
524347ad9be1709af2825d73375335f18c8d61d8	[0, 1, 0, 0, 3, 2, 0, 1, 1, 0, 26, 6, 1341, 6.478260869565218, 1, 32, 17, 2164, 10.454106280193237, 207]	0
5f58b8be5e7c1c9c85f41239fdbc0cc5a219514a	[0, 1, 1, 0, 5, 2, 0, 1, 1, 0, 64, 9, 910, 4.715025906735751, 1, 40, 7, 726, 3.761658031088083, 193]	0
94803a8508b0115a33d0cf3b7eecfe0eab8a5fbd	[0, 6, 0, 1, 6, 1, 0, 6, 1, 2, 12, 7, 90, 4.090909090909091, 1, 12, 9, 118, 5.363636363636363, 22]	0
42e111a63e5ba44ef3a4293c3f4e40b8ce77968e	[0, 6, 0, 0, 6, 1, 0, 6, 1, 0, 36, 4, 4055, 2.537546933667084, 1, 154, 6, 6698, 4.191489361702128, 1598]	0
34d5cbe4b8e20ee396c05118fed9e19f5f18eccf	[0, 0, 0, 0, 0, 0, 0, 0, 0, 0, 0, 0, 0, 0.0, 0, 0, 0, 0, 0.0, 2]	0
fff0bf4263567f2f11d4d146caf64a0c05cfb703	[0, 0, 0, 0, 6, 1, 0, 1, 0, 0, 15, 2, 191, 1.6608695652173913, 1, 20, 7, 522, 4.539130434782609, 115]	0
1e82547ca72594760cc6590208ee5374cdd52764	[0, 1, 1, 0, 6, 1, 0, 1, 1, 0, 114, 9, 1117, 10.342592592592593, 4, 114, 9, 1247, 11.546296296296296, 108]	1
633b11b861e3d412130813fc3d50b26b3d617f22	[0, 6, 0, 0, 6, 1, 0, 6, 0, 0, 18, 2, 1477, 1.6356589147286822, 1, 18, 4, 2581, 2.858250276854928, 903]	1
ae53045ba7ec035d8297ba1d21508d65542fae4c	[0, 2, 0, 0, 2, 0, 0, 2, 0, 0, 2, 0, 9, 0.09278350515463918, 1, 34, 8, 752, 7.752577319587629, 97]	0
3a7ab29ec2a0ef376b25cefef884c93582385d44	[0, 1, 1, 1, 6, 1, 0, 1, 1, 3, 44, 12, 481, 5.865853658536586, 4, 51, 12, 472, 5.7560975609756095, 82]	0
e00d10214153ae38d71867204a972dbe5f5a8148	[0, 1, 0, 0, 1, 0, 0, 1, 0, 0, 2, 0, 4, 0.11428571428571428, 1, 12, 4, 139, 3.9714285714285715, 35]	0
4e0df0f6f9694c5d70e88e8382a6dffaf64aea5c	[0, 0, 0, 0, 2, 0, 0, 1, 0, 0, 10, 0, 10, 1.25, 4, 12, 4, 20, 2.5, 8]	0
94bb3eda7d67b6b82ca1bc42dc04552a0d3584a5	[0, 6, 0, 0, 6, 2, 0, 6, 1, 0, 30, 10, 1695, 4.815340909090909, 1, 72, 11, 2243, 6.372159090909091, 352]	0
8c2692725c2af13d2259afc6642546feb6c3abb7	[0, 0, 0, 2, 2, 2, 0, 0, 0, 4, 4, 4, 36, 2.769230769230769, 8, 9, 9, 80, 6.153846153846154, 13]	0
2e52a56f572c9b6bf48370f210e0a91d47f810aa	[0, 1, 1, 0, 2, 1, 0, 1, 1, 0, 112, 12, 3507, 9.93484419263456, 1, 186, 12, 4851, 13.742209631728045, 353]	0
cac4a0c74c19e82216be0c46c57ba34b099ce1a2	[0, 2, 0, 0, 9, 2, 0, 2, 1, 0, 464, 10, 12482, 3.7985392574558734, 1, 312, 13, 16724, 5.089470480827754, 3286]	0
7f111ccd559be7510c977f7aea97b78b4b63ffcd	[0, 6, 1, 0, 6, 1, 0, 6, 1, 0, 98, 9, 881, 5.993197278911564, 1, 118, 9, 1309, 8.904761904761905, 147]	1
7b11e71c1ca9b8d5cf2e78237a3b5fd1d93dd90c	[0, 1, 0, 0, 6, 1, 0, 1, 1, 0, 30, 8, 618, 2.176056338028169, 4, 67, 12, 1592, 5.605633802816901, 284]	0
6ffa47872c720c9a3a65b68e319e6accd7a7e2ff	[0, 0, 0, 1, 2, 1, 1, 1, 1, 3, 12, 5, 48, 3.2, 5, 18, 8, 71, 4.733333333333333, 15]	0
5920d110bf8ef5b757bce1e5b6d9bfa588cd4467	[0, 6, 0, 0, 6, 1, 0, 6, 0, 0, 26, 3, 3599, 1.9184434968017057, 1, 128, 11, 11615, 6.19136460554371, 1876]	0
6a3f8503eda69027ca75b5f09185ea9913a6392c	[0, 1, 0, 0, 5, 2, 0, 1, 0, 0, 34, 6, 697, 4.874125874125874, 1, 52, 13, 1269, 8.874125874125873, 143]	0
0d47b3b0e46a720faf2abd47cd18f21f3f490889	[0, 1, 0, 1, 6, 1, 0, 1, 0, 1, 11, 3, 55, 3.4375, 3, 24, 7, 118, 7.375, 16]	0
b2f9c3fd9966cb61a7867ff1263a208817cdc86f	[0, 1, 0, 0, 6, 1, 0, 2, 1, 0, 34, 6, 427, 4.357142857142857, 2, 28, 8, 502, 5.122448979591836, 98]	0
4371f890c4964ab0eaf1f24c15ee33dac7025952	[0, 6, 0, 0, 6, 0, 0, 6, 0, 0, 24, 0, 126, 1.8, 1, 14, 5, 222, 3.1714285714285713, 70]	0
75c0e14ed0c86dab9657b6828858b4a9682fd278	[0, 1, 0, 0, 6, 2, 0, 1, 1, 0, 24, 7, 1472, 7.0095238095238095, 1, 24, 7, 1638, 7.8, 210]	0
d454a5332a6fb12ddf6dfe8bb9b88a55be90c115	[0, 1, 1, 1, 1, 1, 1, 1, 1, 3, 5, 4, 16, 1.3333333333333333, 3, 6, 4, 17, 1.4166666666666667, 12]	0
1489338942d773eecfdb5e1b96c4a06eb9130db6	[0, 1, 0, 0, 2, 1, 0, 2, 1, 0, 34, 6, 2712, 4.04776119402985, 3, 66, 9, 4170, 6.223880597014926, 670]	0
a42ccd0259047f195530c797aefae78ac555f3b0	[1, 1, 1, 6, 6, 6, 1, 1, 1, 35, 35, 35, 35, 2.9166666666666665, 20, 20, 20, 20, 1.6666666666666667, 12]	0
9e02bbcab1c41ef0d9f8a80560da5155e4747d35	[0, 1, 0, 0, 2, 1, 0, 1, 0, 0, 120, 1, 3383, 2.0017751479289942, 1, 640, 10, 24337, 14.400591715976331, 1690]	0
1dc7efecac13ffa93e257edba4947a5b34894e34	[0, 0, 0, 0, 0, 0, 0, 0, 0, 0, 0, 0, 0, 0.0, 0, 0, 0, 0, 0.0, 3]	0
991718c896437da2483aad8c1b4aaa6b6c0d1c5f	[0, 1, 0, 0, 6, 1, 0, 3, 0, 0, 7, 3, 54, 2.0, 1, 12, 6, 92, 3.4074074074074074, 27]	0
1587c876397b819bdf15a708546a45abeb7db0c8	[0, 6, 0, 0, 6, 1, 0, 6, 0, 0, 17, 3, 347, 1.9942528735632183, 1, 17, 7, 667, 3.8333333333333335, 174]	0
a135e54701515540921b2d010fb905c811c5e19b	[0, 1, 0, 0, 4, 1, 0, 1, 0, 0, 22, 3, 684, 2.0479041916167664, 1, 32, 6, 1685, 5.044910179640719, 334]	0
2953acb655377df1c54c9c02d9f4bc38f92bd8c4	[0, 6, 0, 0, 6, 1, 0, 6, 1, 0, 74, 5, 4701, 5.87625, 1, 100, 6, 5519, 6.89875, 800]	0
ffbc1f5b9fe61678c4dade742d8b46d533955b6e	[0, 6, 0, 0, 6, 1, 0, 6, 1, 0, 21, 3, 487, 2.3413461538461537, 1, 38, 5, 685, 3.293269230769231, 208]	0
d22cb25aab406eac7e8cb6cb11a7a7e813c24c48	[0, 1, 1, 1, 6, 2, 1, 1, 1, 4, 14, 10, 103, 10.3, 4, 16, 9, 95, 9.5, 10]	0
bbec2d9c2ccc0a145c73f9a0843f65f5ddb3573a	[0, 6, 0, 0, 6, 0, 0, 6, 0, 0, 6, 0, 28, 1.037037037037037, 1, 9, 3, 73, 2.7037037037037037, 27]	0
b0932e520b8c83e3add6fcd5b5bc97cc28b1d043	[0, 0, 0, 0, 0, 0, 0, 0, 0, 0, 0, 0, 0, 0.0, 0, 0, 0, 0, 0.0, 18]	0
648eb3bc9202fa6ef09c2af4e78b9026208f514e	[0, 1, 0, 0, 1, 1, 0, 1, 0, 0, 3, 1, 254, 0.41983471074380163, 1, 24, 7, 2539, 4.196694214876033, 605]	0
55ec121f75d0c1a04620809ce2f474190368092d	[0, 1, 0, 0, 6, 1, 0, 2, 0, 0, 17, 5, 45, 3.4615384615384617, 5, 10, 6, 60, 4.615384615384615, 13]	0
62af86b87d5b696e5ebd1e96b1f3531dd01d412e	[0, 2, 0, 2, 6, 3, 0, 2, 2, 3, 50, 13, 2334, 14.060240963855422, 4, 30, 8, 1466, 8.831325301204819, 166]	0
50c109453573a3bada1f2ab5c6f7f7ccd0171a05	[0, 0, 0, 0, 0, 0, 0, 0, 0, 0, 0, 0, 0, 0.0, 0, 0, 0, 0, 0.0, 10]	0
757de07e6bd7e2a9364835d8cb51d9a7b95a17f6	[0, 0, 0, 0, 1, 1, 0, 0, 0, 0, 2, 1, 8, 1.0, 7, 18, 7, 72, 9.0, 8]	0
b6e87246d4793097deb2c81ac7492a2f53ae6a6e	[0, 1, 0, 1, 6, 1, 0, 1, 1, 1, 8, 3, 26, 4.333333333333333, 4, 10, 4, 31, 5.166666666666667, 6]	0
6e038b6ab80bc21900d803cbfd7a336267a56772	[0, 0, 0, 0, 0, 0, 0, 0, 0, 0, 0, 0, 0, 0.0, 0, 0, 0, 0, 0.0, 29]	0
99985b126f7021d50e00464dcb2d0ca2f91885eb	[0, 6, 0, 0, 6, 1, 0, 6, 1, 0, 38, 9, 333, 6.9375, 1, 30, 9, 318, 6.625, 48]	0
264c8bfac4a5ede4558f983b8bd7454b414539f2	[0, 1, 0, 0, 3, 2, 0, 1, 1, 0, 22, 8, 370, 5.967741935483871, 1, 26, 8, 383, 6.17741935483871, 62]	0
962fd8114624314f03a9b4dc5da424fdafdfc53d	[0, 0, 0, 0, 0, 0, 0, 0, 0, 0, 0, 0, 0, 0.0, 5, 5, 5, 5, 0.22727272727272727, 22]	1
9a4615ec2a6e65cd181995df41247e8151408db3	[0, 6, 0, 0, 6, 0, 0, 6, 0, 0, 24, 0, 102, 0.3709090909090909, 1, 20, 10, 1280, 4.654545454545454, 275]	0
8d43c6da4a7bc34e223b9bfb2b9fee54d052f71c	[0, 0, 0, 0, 6, 2, 0, 2, 1, 0, 12, 4, 78, 2.2941176470588234, 2, 10, 4, 102, 3.0, 34]	0
bcf0ee772f49fec8c53b8bc40945b041b2a4242d	[0, 0, 0, 0, 2, 0, 0, 0, 0, 0, 4, 0, 20, 0.02560819462227913, 1, 22, 2, 842, 1.0781049935979514, 781]	0
99d4648b4afd5b8438312bb28415dd3f446da42e	[0, 6, 0, 0, 6, 1, 0, 6, 0, 0, 18, 1, 172, 2.123456790123457, 1, 11, 3, 219, 2.7037037037037037, 81]	0
c7950caf433d15ca654bb26b7721c2a3171d5d9f	[0, 1, 0, 0, 3, 1, 0, 1, 1, 0, 42, 4, 904, 3.601593625498008, 1, 44, 7, 1566, 6.239043824701195, 251]	0
b7922e137ed3a4cd127d03d92347c9af5ea8d21f	[0, 6, 0, 0, 6, 0, 0, 6, 0, 0, 12, 0, 564, 1.8737541528239203, 1, 40, 5, 1796, 5.966777408637873, 301]	1
a5e9430eab66db373a8d9033348b7e565136b4ec	[0, 0, 0, 0, 2, 1, 0, 1, 0, 0, 30, 5, 260, 6.046511627906977, 4, 32, 12, 461, 10.720930232558139, 43]	1
d11e589f38c0370352c50afa4d9da26e987c7aa0	[0, 0, 0, 1, 6, 1, 0, 0, 0, 2, 26, 4, 54, 6.75, 4, 12, 10, 44, 5.5, 8]	0
2609b30c33c067a671fa90768be571bb80357f7a	[0, 1, 0, 0, 6, 1, 0, 6, 1, 0, 60, 6, 4303, 5.918844566712517, 1, 92, 8, 6541, 8.997248968363136, 727]	0
e36a684fc83bfd1599b87e35c24a90e42b09bb7c	[0, 1, 0, 0, 2, 0, 0, 2, 0, 0, 116, 0, 1154, 0.3536622739809991, 1, 130, 7, 14672, 4.496475635917867, 3263]	0
a68856f15298e5a2341178c04a35700fef3b1b14	[0, 1, 0, 0, 2, 1, 0, 1, 0, 0, 19, 1, 600, 0.8645533141210374, 1, 33, 3, 1277, 1.840057636887608, 694]	0
bdd2b95b83e2dfaf687f61c2627be1bc157ee9e6	[0, 6, 0, 0, 6, 0, 0, 6, 0, 0, 6, 0, 12, 0.631578947368421, 1, 4, 2, 18, 0.9473684210526315, 19]	0
a21d1f6e343ebb12b38a9538d5905ddd98cb6899	[0, 6, 0, 0, 6, 1, 0, 6, 1, 0, 32, 5, 1953, 4.182012847965739, 1, 30, 9, 3019, 6.464668094218416, 467]	0
0133b0bb0e4e5eb79e844f790b95cbd1a18a8a1c	[0, 0, 0, 0, 2, 2, 0, 1, 1, 0, 22, 4, 59, 2.269230769230769, 1, 20, 5, 59, 2.269230769230769, 26]	0
c6e7f64cb4c808c0d4af5ced4184289dd51fdd25	[0, 1, 0, 0, 6, 0, 0, 2, 0, 0, 40, 0, 1265, 0.5195071868583162, 1, 354, 12, 21536, 8.84435318275154, 2435]	0
e66edfa3f94636aafbfb8ac6321cb0ec027cafed	[0, 0, 0, 0, 2, 1, 0, 0, 0, 0, 4, 4, 39, 2.6, 6, 14, 6, 98, 6.533333333333333, 15]	0
9e7cc912559b0f7d5cf94583f9f27a785d5f4cde	[0, 1, 0, 1, 4, 1, 0, 1, 0, 1, 12, 1, 21, 0.14788732394366197, 4, 12, 12, 70, 0.49295774647887325, 142]	0
1cafd0a0cc0d264a5dca42dd1e4edb3fc9a70765	[0, 0, 0, 0, 6, 3, 0, 1, 1, 0, 21, 9, 119, 2.3333333333333335, 2, 14, 8, 109, 2.1372549019607843, 51]	0
90200d1e962664db1c048b9a858cf4c48345de7e	[0, 2, 0, 0, 4, 1, 0, 2, 0, 0, 15, 2, 722, 3.5742574257425743, 1, 32, 5, 1617, 8.004950495049505, 202]	0
40158e9fb0c8c92b6bc7f0542cf92ce8dd678c90	[0, 0, 0, 0, 2, 0, 0, 1, 0, 0, 6, 0, 48, 0.3582089552238806, 1, 20, 6, 529, 3.9477611940298507, 134]	0
b5ee12d3333fba7ce432d2298e830ad1fcc87bfd	[0, 1, 0, 0, 3, 0, 0, 2, 0, 0, 29, 0, 860, 0.6635802469135802, 1, 84, 8, 8013, 6.18287037037037, 1296]	0
baac706c279311e222ce4f376ec14d083cef70cb	[0, 0, 0, 0, 4, 0, 0, 0, 0, 0, 7, 0, 14, 0.22950819672131148, 1, 12, 4, 249, 4.081967213114754, 61]	0
d762e86a0995f0e1958917b50e09b73311246719	[0, 1, 0, 0, 6, 0, 0, 1, 0, 0, 12, 0, 219, 0.1459027315123251, 1, 40, 5, 4400, 2.9313790806129245, 1501]	0
a02b206b5ef42f3fc406ea29a0b731e7e403c153	[0, 0, 0, 0, 0, 0, 0, 0, 0, 0, 0, 0, 0, 0.0, 2, 5, 3, 162, 2.4923076923076923, 65]	0
c4403ead48b70af4d0124f3780886f44c63fae0c	[0, 1, 1, 0, 2, 1, 0, 1, 1, 0, 16, 3, 2007, 2.6304062909567496, 1, 16, 3, 2313, 3.031454783748362, 763]	0
9f2c6773d624524cf1bf79b912a5640a006e210e	[0, 1, 0, 0, 2, 0, 0, 1, 0, 0, 10, 0, 17, 1.8888888888888888, 1, 13, 1, 40, 4.444444444444445, 9]	0
eb63303d50d67f37b85d9c2a2918e82878587ac2	[0, 1, 0, 0, 2, 1, 0, 1, 1, 0, 18, 3, 181, 2.104651162790698, 1, 24, 6, 298, 3.4651162790697674, 86]	0
b2dc4badf0f94ca262d6ce67dc8e78f7cf7851d2	[0, 0, 0, 0, 6, 1, 0, 1, 0, 0, 18, 3, 971, 2.712290502793296, 2, 32, 6, 2209, 6.170391061452514, 358]	0
b3a734b6ba77a924edbc3bd3d3fb94631385a953	[0, 3, 1, 0, 3, 1, 0, 3, 1, 0, 12, 1, 38, 2.533333333333333, 1, 20, 1, 45, 3.0, 15]	0
afcac6c03000827fe01b1bdda77baaba637b9c37	[0, 6, 0, 0, 6, 2, 0, 6, 1, 0, 86, 8, 5155, 7.385386819484241, 1, 74, 8, 4677, 6.700573065902579, 698]	0
42320140e70598f9c161ed214a9789c55e737270	[0, 1, 0, 0, 7, 1, 0, 1, 0, 0, 16, 1, 1261, 2.122895622895623, 1, 18, 5, 3479, 5.856902356902357, 594]	0
adcb0443f97fe1eca6bdab1628a8d9b3abb82c36	[0, 1, 1, 1, 2, 1, 0, 1, 1, 1, 5, 4, 59, 2.0344827586206895, 3, 7, 3, 66, 2.2758620689655173, 29]	0
caee4653204ff39afbb74d40db13c6eb9ea385e9	[0, 0, 0, 0, 0, 0, 0, 0, 0, 0, 0, 0, 0, 0.0, 0, 0, 0, 0, 0.0, 10]	0
660b40c9d473599b317fa7f910ab1e0b0e076cf1	[0, 6, 0, 0, 6, 1, 0, 6, 1, 0, 34, 4, 249, 5.1875, 1, 22, 6, 308, 6.416666666666667, 48]	0
923fb167ce6161038b7b0ac008974cfad6e0a73d	[0, 1, 1, 0, 1, 1, 0, 1, 1, 0, 70, 3, 1367, 0.9041005291005291, 1, 70, 5, 1588, 1.0502645502645502, 1512]	0
b5d38be2464c38d5f0bb7b1aec1655e65733b577	[0, 2, 1, 0, 2, 2, 0, 2, 1, 0, 10, 5, 39, 1.625, 1, 8, 4, 38, 1.5833333333333333, 24]	0
f60d21634a7707fea25198cf9c358a3e63aace80	[0, 6, 0, 0, 6, 0, 0, 6, 0, 0, 24, 0, 95, 1.6379310344827587, 1, 24, 11, 398, 6.862068965517241, 58]	0
f775f1c9c55693eb8d89cd1fc0f74de7d82f755a	[0, 0, 0, 0, 0, 0, 0, 0, 0, 0, 0, 0, 0, 0.0, 0, 0, 0, 0, 0.0, 9]	0
b3749203ae140a9fc62648c30769ff95e19884f9	[0, 3, 0, 0, 4, 1, 0, 3, 1, 0, 22, 5, 1327, 3.868804664723032, 1, 28, 6, 1729, 5.040816326530612, 343]	0
3fdc6a9537fe45f0fda27a4cd64a471cc024404e	[0, 0, 0, 0, 0, 0, 0, 0, 0, 0, 0, 0, 0, 0.0, 0, 0, 0, 0, 0.0, 7]	1
091e02b19f08a53409206488e86318425ec36124	[0, 2, 0, 0, 6, 1, 0, 2, 0, 0, 15, 1, 884, 0.845933014354067, 1, 94, 4, 4197, 4.016267942583732, 1045]	0
cf29d84e3f89ca787c89263d60391e93da25245c	[0, 1, 0, 0, 6, 0, 0, 1, 0, 0, 13, 0, 65, 2.8260869565217392, 1, 30, 3, 145, 6.304347826086956, 23]	0
d71a05e8e25a8dc99cc73534b85f0a296a87c6cc	[0, 0, 0, 0, 0, 0, 0, 0, 0, 0, 0, 0, 0, 0.0, 1, 20, 6, 246, 5.3478260869565215, 46]	1
1cd63dc2ad3e3d4104a04a970b6ef0b7a703beaa	[0, 0, 0, 0, 2, 1, 0, 2, 0, 0, 19, 6, 153, 4.026315789473684, 2, 19, 11, 294, 7.7368421052631575, 38]	0
8c0ab0848c9ca6100b6f8063a519c2c0851442df	[0, 1, 0, 0, 6, 3, 0, 2, 1, 0, 64, 15, 1817, 9.414507772020725, 2, 44, 11, 1385, 7.176165803108808, 193]	0
e97d63f757daaf1517b1c19779b9dcf3b55d8a02	[0, 2, 0, 0, 6, 2, 0, 2, 0, 0, 423, 10, 31689, 12.93956717027358, 1, 740, 15, 59083, 24.125357288689262, 2449]	0
872713885d4df688abef6ad12e99664148883aa1	[0, 1, 0, 0, 2, 1, 0, 1, 1, 0, 28, 6, 1815, 5.013812154696133, 1, 33, 9, 2536, 7.005524861878453, 362]	0
59043ed35470247f8a0645268f647d7791dfb4d7	[0, 6, 0, 0, 6, 0, 0, 6, 0, 0, 16, 0, 555, 0.4594370860927152, 1, 35, 5, 2898, 2.3990066225165565, 1208]	0
1753d3d8ad05a07739dd82bac5c5e9aff342a8c0	[0, 0, 0, 0, 1, 0, 0, 0, 0, 0, 2, 0, 25, 0.4166666666666667, 1, 12, 9, 347, 5.783333333333333, 60]	0
47e6e2f55034b9869d45c5ebf5a37cbdec086805	[0, 0, 0, 1, 1, 1, 0, 0, 0, 1, 2, 1, 5, 0.45454545454545453, 3, 5, 4, 16, 1.4545454545454546, 11]	0
382c435a875b5cb8ad004e1e6b24a4f8a85b80c8	[0, 0, 0, 0, 6, 0, 0, 0, 0, 0, 24, 0, 39, 0.639344262295082, 7, 35, 8, 451, 7.39344262295082, 61]	0
1b983a122663bdbbc561c3224b6c2cd25e1cd099	[0, 0, 0, 0, 0, 0, 0, 0, 0, 0, 0, 0, 0, 0.0, 0, 0, 0, 0, 0.0, 1]	0
beee227c53f44b55c7c14f7f085ad090d4cb32d9	[0, 0, 0, 0, 2, 0, 0, 1, 0, 0, 12, 0, 42, 0.7241379310344828, 5, 58, 11, 210, 3.6206896551724137, 58]	0
8cd4ee198b72b6d0aa30642f60649d54b836935a	[0, 6, 0, 0, 6, 1, 0, 6, 0, 0, 13, 1, 199, 1.9702970297029703, 1, 16, 2, 321, 3.1782178217821784, 101]	0
ca28402ef00ab23a990e22dec6018722c4fdc10d	[0, 1, 0, 0, 4, 1, 0, 1, 1, 0, 26, 6, 1818, 3.55078125, 1, 32, 7, 2280, 4.453125, 512]	0
e54b62030ddbea489d7cfb21a84869395cfc4b09	[0, 0, 0, 0, 0, 0, 0, 0, 0, 0, 0, 0, 0, 0.0, 0, 0, 0, 0, 0.0, 2]	0
e8d6e4645461c52671af4b8c5a17b558e298cef4	[0, 1, 0, 0, 2, 1, 0, 1, 0, 0, 4, 1, 66, 0.5076923076923077, 1, 11, 4, 296, 2.276923076923077, 130]	0
cf519c88970be5d63e0e3f580c5e9828b2bb943a	[0, 1, 0, 1, 6, 1, 0, 3, 1, 2, 30, 4, 64, 2.2857142857142856, 4, 10, 7, 53, 1.8928571428571428, 28]	0
c91f2a6832a43ea9e6ff40393543e2427eb0d607	[0, 0, 0, 0, 0, 0, 0, 0, 0, 0, 0, 0, 0, 0.0, 2, 2, 2, 2, 0.6666666666666666, 3]	0
6bb488c2db37149d5c80455a911922f3af6a6d31	[0, 1, 1, 0, 1, 1, 0, 1, 1, 0, 10, 10, 30, 3.75, 4, 10, 10, 34, 4.25, 8]	0
1ae1268487548d70b2d2da84c413af1fd75e715f	[0, 6, 0, 0, 7, 2, 0, 6, 0, 0, 101, 9, 785, 4.700598802395209, 1, 223, 13, 1194, 7.149700598802395, 167]	0
5e5d5ddde6a83709b9c110adc9d7086dd5f983a5	[0, 0, 0, 0, 6, 1, 0, 3, 0, 0, 12, 5, 74, 3.3636363636363638, 2, 22, 8, 153, 6.954545454545454, 22]	1
3a9c3e0d7c44dd26b2162203bef6820b42290a09	[0, 6, 0, 0, 6, 1, 0, 6, 0, 0, 8, 2, 30, 1.7647058823529411, 1, 10, 6, 63, 3.7058823529411766, 17]	0
0cdc8cd03d62cb32afcfbaeb57c917d7d1cc094f	[0, 1, 0, 0, 1, 1, 0, 1, 0, 0, 8, 1, 126, 0.6, 1, 12, 1, 233, 1.1095238095238096, 210]	0
aad8b7fe9fbfb242eea973035566b7e9add2a368	[0, 0, 0, 0, 0, 0, 0, 0, 0, 0, 0, 0, 0, 0.0, 0, 0, 0, 0, 0.0, 5]	0
f7819830cc57ea8741e439add47af37b44b1f648	[0, 0, 0, 0, 0, 0, 0, 0, 0, 0, 0, 0, 0, 0.0, 0, 0, 0, 0, 0.0, 3]	0
237945452fbec6c1ca034002193c993e4f50907c	[0, 1, 0, 0, 2, 1, 0, 1, 1, 0, 10, 2, 306, 1.3246753246753247, 1, 19, 4, 503, 2.1774891774891776, 231]	0
cac18ee65faa3258877155222ea07a3f5835c6d5	[0, 0, 0, 2, 2, 2, 0, 1, 0, 6, 9, 6, 21, 3.0, 10, 12, 10, 32, 4.571428571428571, 7]	0
d361bbf2f5e9534b6dff8822e3784b2ef3b73c2d	[0, 1, 0, 0, 6, 1, 0, 1, 0, 0, 20, 2, 880, 2.1411192214111923, 1, 228, 5, 3298, 8.024330900243308, 411]	1
3032b5f4c555409afd44ddde9f9f70c4e80f1b88	[0, 0, 0, 0, 2, 0, 0, 1, 0, 0, 11, 0, 22, 0.29333333333333333, 1, 14, 4, 243, 3.24, 75]	0
69c95a86b7c329f2b1235e06ce124dec28475a5e	[0, 1, 0, 0, 3, 1, 0, 1, 1, 0, 21, 6, 2088, 1.896457765667575, 1, 25, 6, 2527, 2.2951861943687555, 1101]	0
c7dec525dbf28c72b8321460c65fd0ac26c3e9b4	[0, 1, 0, 0, 3, 1, 0, 2, 1, 0, 8, 2, 91, 1.5689655172413792, 2, 20, 3, 138, 2.3793103448275863, 58]	1
33dffe433a827a308cd5cd7a9c85405d505bf485	[0, 6, 0, 0, 6, 1, 0, 6, 0, 0, 24, 1, 151, 2.435483870967742, 1, 16, 4, 244, 3.935483870967742, 62]	0
331bcc4d5b81be1fff8a42a80781856e86f4c353	[0, 2, 0, 0, 2, 2, 0, 2, 0, 0, 5, 3, 16, 0.9411764705882353, 1, 5, 4, 23, 1.3529411764705883, 17]	0
4b644171800bfcc8750c72836322770f51e1e11a	[0, 6, 0, 0, 6, 1, 0, 6, 0, 0, 56, 3, 795, 5.063694267515924, 1, 318, 8, 3025, 19.26751592356688, 157]	0
e78b05db29a18055e5f5586b10d827ac33486bf5	[0, 0, 0, 0, 6, 0, 0, 1, 0, 0, 11, 0, 56, 0.6153846153846154, 1, 10, 1, 106, 1.164835164835165, 91]	0
8107e3331dea893e33625c40581096724a61346f	[0, 0, 0, 0, 2, 0, 0, 0, 0, 0, 4, 0, 18, 0.6428571428571429, 2, 11, 5, 101, 3.607142857142857, 28]	0
c8f41b7d4f4f45eb9a568fc51176d1c606ebd88b	[0, 1, 0, 0, 6, 0, 0, 1, 0, 0, 16, 0, 58, 0.9206349206349206, 1, 42, 5, 308, 4.888888888888889, 63]	0
f63d32b34cf9d60561a47c43ff423b1cc58b0bdb	[0, 6, 0, 0, 6, 1, 0, 6, 0, 0, 24, 1, 1244, 1.6879240162822253, 1, 28, 6, 3517, 4.7720488466757125, 737]	0
85669239f6eb045d4c7d43532d13501de04f6493	[0, 0, 0, 0, 6, 1, 0, 0, 0, 0, 6, 1, 26, 0.5098039215686274, 2, 21, 9, 198, 3.8823529411764706, 51]	0
b1c28a5e30a554bbc612a90a9c3c52e4e5402dfc	[0, 0, 0, 1, 1, 1, 0, 0, 0, 1, 2, 1, 5, 0.3333333333333333, 2, 4, 2, 11, 0.7333333333333333, 15]	0
439dc64184d2a86793017d302f08fd500d7a2e40	[0, 0, 0, 1, 1, 1, 0, 0, 0, 1, 4, 1, 17, 1.0, 4, 12, 4, 67, 3.9411764705882355, 17]	0
dfdedf7185e8f984ac88c6657ad13532a80e1c22	[0, 1, 0, 0, 3, 1, 0, 2, 1, 0, 24, 3, 605, 2.936893203883495, 1, 22, 5, 772, 3.7475728155339807, 206]	0
36bcbbe04997de02444711fd6bcd2b2781ee436f	[0, 0, 0, 1, 6, 3, 0, 1, 0, 2, 22, 7, 39, 3.5454545454545454, 9, 16, 14, 53, 4.818181818181818, 11]	0
85a080221ffd74a2c20409993aa58bb34248a7e8	[0, 6, 1, 1, 6, 1, 1, 6, 1, 4, 10, 6, 68, 5.230769230769231, 1, 12, 8, 75, 5.769230769230769, 13]	0
6ef2b50229f8749406b8da03e92c356808cbf4d6	[0, 1, 0, 1, 1, 1, 0, 1, 1, 1, 4, 2, 22, 1.5714285714285714, 3, 5, 3, 32, 2.2857142857142856, 14]	0
451630926f142644a656bc11d26fca2acaf7a4e4	[0, 0, 0, 0, 2, 1, 0, 1, 0, 0, 11, 2, 107, 2.018867924528302, 1, 17, 6, 266, 5.018867924528302, 53]	0
472f9a5f83e1525a4fb1abc5666a4a6dcb971911	[0, 6, 0, 0, 6, 1, 0, 6, 0, 0, 25, 1, 136, 1.6585365853658536, 1, 85, 3, 278, 3.3902439024390243, 82]	0
24d2c2f3324ee767068264021870285852b4c789	[0, 0, 0, 0, 0, 0, 0, 0, 0, 0, 0, 0, 0, 0.0, 0, 0, 0, 0, 0.0, 2]	0
4a458bc1b91318d34bea6bbfe104bed07992c446	[0, 6, 0, 0, 6, 1, 0, 6, 0, 0, 48, 1, 2549, 1.4683179723502304, 1, 47, 6, 7029, 4.048963133640553, 1736]	0
2ea8bae9bf4b7160a1c1ab63e3a9888798c4a72e	[0, 0, 0, 0, 2, 1, 0, 1, 0, 0, 10, 4, 57, 1.1176470588235294, 4, 18, 11, 145, 2.843137254901961, 51]	0
1b221b5f224c696690f9c9d5e91fe86b44bb3970	[0, 0, 0, 0, 0, 0, 0, 0, 0, 0, 0, 0, 0, 0.0, 0, 0, 0, 0, 0.0, 2]	0
0751217cb44756797df489f3a4ac004b4af500c9	[0, 6, 0, 0, 6, 1, 0, 6, 0, 0, 36, 2, 3216, 2.364705882352941, 1, 108, 5, 7854, 5.775, 1360]	0
c0dd9a1622ba2c71117fa4dd16706128b74f5128	[0, 1, 1, 0, 5, 2, 0, 1, 1, 0, 97, 10, 2375, 7.969798657718121, 2, 114, 9, 2549, 8.553691275167786, 298]	0
b78c1340fc94e8b2ab9813f68d38964bea01960c	[0, 1, 0, 0, 2, 1, 0, 2, 1, 0, 16, 8, 32, 3.2, 4, 10, 7, 29, 2.9, 10]	0
1709dfba9119139e0bfaf032b49febfbab6312a5	[0, 1, 0, 1, 1, 1, 0, 1, 0, 1, 2, 1, 9, 0.6, 1, 19, 3, 46, 3.066666666666667, 15]	0
f0c8f665705f0e987447bf6a937666915580774d	[0, 0, 0, 1, 6, 3, 0, 1, 1, 1, 17, 9, 36, 7.2, 5, 10, 9, 34, 6.8, 5]	0
97145dfff1b736e337d5ddb801bab2559a50718b	[0, 1, 0, 0, 1, 0, 0, 1, 0, 0, 10, 0, 12, 1.5, 2, 10, 8, 57, 7.125, 8]	0
0a1b33eb41b8079e770a7d731e3fb6459ac2c95f	[0, 0, 0, 1, 1, 1, 1, 1, 1, 14, 14, 14, 14, 1.2727272727272727, 18, 18, 18, 18, 1.6363636363636365, 11]	0
0f8654e33c2819d603d2cf7bb4aeaf9679daada8	[0, 1, 0, 0, 6, 0, 0, 1, 0, 0, 12, 0, 21, 1.2352941176470589, 4, 18, 5, 100, 5.882352941176471, 17]	0
d863880f5fc5ecbb2955d681e1f2c1615d662082	[0, 0, 0, 1, 2, 2, 0, 1, 0, 2, 18, 7, 106, 5.3, 6, 22, 12, 174, 8.7, 20]	0
43076b7da9672a6c4703c3dbfed94c5ea8f91520	[0, 1, 0, 0, 4, 1, 0, 1, 0, 0, 30, 3, 2047, 3.010294117647059, 1, 100, 9, 5573, 8.195588235294117, 680]	0
fa3c13bc958efc43aa7e40f3ea5d97be4f08b3f9	[0, 1, 0, 0, 12, 2, 0, 2, 1, 0, 48, 11, 1663, 8.033816425120772, 2, 34, 12, 1983, 9.579710144927537, 207]	0
8c9a0177e44dd2407f2d717d43e6930f3fbf19ca	[0, 2, 1, 0, 6, 1, 0, 4, 1, 0, 72, 4, 9755, 3.0695405915670233, 1, 210, 3, 10715, 3.3716173694147265, 3178]	0
12e7c410be97ab953d3b1ce7821bce284d939aa6	[0, 1, 0, 0, 2, 1, 0, 1, 1, 0, 10, 2, 445, 1.6666666666666667, 1, 10, 3, 603, 2.258426966292135, 267]	1
8f09e5dd407bb52e7d14dbd4270411d032ab8a7d	[0, 1, 0, 1, 2, 1, 0, 2, 1, 4, 10, 4, 30, 1.4285714285714286, 4, 22, 6, 43, 2.0476190476190474, 21]	0
4ae987c0ab07fab9fb35a45c8b21be1ed677d64d	[0, 0, 0, 0, 0, 0, 0, 0, 0, 0, 0, 0, 0, 0.0, 0, 0, 0, 0, 0.0, 1]	0
59d75546fcf56ef1a8022139aeb08eb7093814a3	[0, 1, 0, 0, 2, 1, 0, 1, 0, 0, 4, 2, 27, 0.5192307692307693, 1, 6, 2, 49, 0.9423076923076923, 52]	0
dda9b7e6ca3faf3957febbb96fad241ffe42e6e1	[0, 1, 0, 0, 6, 1, 0, 1, 0, 0, 16, 2, 3447, 1.205666316894019, 1, 48, 11, 15339, 5.3651626442812175, 2859]	1
38de38be0f48c6241a5afba792f7d7cf5f48d328	[0, 6, 0, 0, 6, 1, 0, 6, 0, 0, 8, 1, 55, 1.0377358490566038, 1, 12, 5, 154, 2.9056603773584904, 53]	0
adba8c6d99ffdf5d0db5195335f55945710726aa	[0, 0, 0, 0, 0, 0, 0, 0, 0, 0, 0, 0, 0, 0.0, 0, 0, 0, 0, 0.0, 15]	0
ca2ea5d50836aa34a3bb9d88b40c08812ae78f0e	[0, 1, 0, 0, 5, 1, 0, 2, 0, 0, 35, 1, 1294, 1.1981481481481482, 1, 52, 7, 6753, 6.252777777777778, 1080]	0
b644f15867c465655aeb2492fcd663d24665b042	[0, 6, 0, 0, 7, 0, 0, 6, 0, 0, 36, 0, 122, 1.5844155844155845, 1, 26, 7, 393, 5.103896103896104, 77]	0
9eafc44c514ace32e1f9ef11b19ac6de08934569	[0, 1, 0, 0, 4, 1, 0, 1, 1, 0, 400, 5, 8070, 2.5643469971401336, 1, 472, 12, 12018, 3.8188751191611057, 3147]	0
0ccf42887a19c320f9dfd41da84968169ba57bd0	[0, 0, 0, 0, 1, 0, 0, 1, 0, 0, 5, 0, 103, 0.5597826086956522, 1, 10, 4, 514, 2.7934782608695654, 184]	0
cf25419eefb7aedbfdcea1d3453b22473aec031a	[0, 6, 1, 0, 6, 2, 0, 6, 1, 0, 40, 15, 1546, 14.054545454545455, 1, 36, 12, 1346, 12.236363636363636, 110]	1
705cfd3660e64f7e15c815c4795b35d7a85ede70	[0, 1, 1, 0, 2, 1, 0, 1, 1, 0, 22, 6, 379, 6.112903225806452, 2, 18, 5, 380, 6.129032258064516, 62]	0
03fab7c8be7579a265d69c949826182a05c2dbe3	[0, 6, 0, 0, 6, 0, 0, 6, 0, 0, 13, 0, 262, 1.5688622754491017, 1, 52, 5, 620, 3.712574850299401, 167]	0
1832bfa62d0fbe808760d33a26f855dda495e846	[0, 0, 0, 0, 6, 0, 0, 0, 0, 0, 14, 0, 112, 1.009009009009009, 1, 28, 8, 616, 5.54954954954955, 111]	0
54e178c3ddfdfea41d7272feed2e277df491ef38	[0, 0, 0, 0, 6, 0, 0, 0, 0, 0, 12, 0, 21, 1.4, 4, 8, 5, 68, 4.533333333333333, 15]	0
e2c93209127cd03f3c6966d52f60d5644754e212	[0, 0, 0, 0, 6, 0, 0, 0, 0, 0, 12, 0, 26, 1.2380952380952381, 2, 26, 7, 231, 11.0, 21]	0
c4405b005f900c8878383a5a21e5cbcc19ead192	[0, 1, 0, 1, 6, 1, 0, 1, 1, 1, 26, 2, 146, 4.171428571428572, 2, 16, 4, 178, 5.085714285714285, 35]	0
c68ba3284116240160004e46c32a891e303f4e40	[0, 0, 0, 1, 3, 2, 0, 1, 1, 3, 25, 12, 94, 3.2413793103448274, 8, 25, 12, 97, 3.3448275862068964, 29]	0
2418b87660f2309a3fd9aeaafa6e1e777c486592	[0, 0, 0, 2, 2, 2, 0, 0, 0, 6, 6, 6, 36, 0.5901639344262295, 14, 22, 15, 98, 1.6065573770491803, 61]	0
e2094fd263de58e6d011dbc3c324d47267b7c3b3	[0, 2, 0, 0, 6, 1, 0, 2, 0, 0, 26, 2, 239, 1.2578947368421052, 1, 41, 5, 489, 2.5736842105263156, 190]	0
216448c9e6a33cead8a57e0807ce5fb0437d3853	[0, 0, 0, 0, 2, 1, 0, 1, 0, 0, 17, 6, 106, 5.3, 3, 18, 9, 159, 7.95, 20]	0
4e1832bc9a948993844f3d706bca8decb7e0c585	[0, 0, 0, 0, 4, 0, 0, 1, 0, 0, 39, 0, 59, 0.3619631901840491, 2, 39, 4, 221, 1.3558282208588956, 163]	0
c6ca3c07dbde244272bfa3c2c8158b116620a65f	[0, 0, 0, 0, 6, 1, 0, 3, 0, 0, 14, 1, 356, 0.9104859335038363, 1, 38, 9, 2631, 6.728900255754476, 391]	1
28c6cf340aeafc270cc54e634ca64d684141dccb	[0, 3, 1, 1, 3, 2, 1, 3, 1, 3, 15, 4, 26, 6.5, 1, 9, 5, 20, 5.0, 4]	1
9020cd14a2481b38d79250dcd977a796582471c5	[0, 0, 0, 1, 1, 1, 0, 0, 0, 3, 3, 3, 3, 0.75, 7, 7, 7, 7, 1.75, 4]	0
aa6bda8641d47e807250862e5e7c458908cc3d73	[0, 2, 0, 0, 3, 2, 0, 2, 1, 0, 66, 6, 1219, 5.515837104072398, 1, 75, 16, 1866, 8.44343891402715, 221]	0
c3029585e5bdca959ed715d1015963a042acdc48	[0, 0, 0, 0, 0, 0, 0, 0, 0, 0, 0, 0, 0, 0.0, 0, 0, 0, 0, 0.0, 1]	0
2a7e6efb64431d9ae5486d839bd8da4413fb4cae	[0, 1, 0, 0, 2, 1, 0, 1, 0, 0, 9, 2, 52, 2.260869565217391, 2, 12, 4, 103, 4.478260869565218, 23]	0
e83758269f0b438ef45fa4c733bd1f2b7dcc1633	[0, 1, 0, 0, 2, 1, 0, 1, 0, 0, 20, 10, 20, 4.0, 5, 16, 10, 21, 4.2, 5]	1
0b0b531d4d1e1862a197876a3ec291271227dd52	[0, 1, 0, 0, 4, 1, 0, 2, 1, 0, 10, 2, 110, 1.8032786885245902, 1, 36, 4, 192, 3.1475409836065573, 61]	0
eb006d42d3caff7ccb73232d2d6b0c3263b20c6f	[0, 0, 0, 0, 6, 1, 0, 1, 1, 0, 36, 6, 64, 12.8, 2, 24, 22, 79, 15.8, 5]	0
c84170877ed7f3b9c62d5989504638040da2bb9f	[1, 1, 1, 1, 2, 2, 1, 1, 1, 4, 8, 6, 55, 2.391304347826087, 4, 7, 5, 50, 2.1739130434782608, 23]	0
67be79c53038f5410603b6c05f2fd63c063727ff	[0, 0, 0, 0, 1, 0, 0, 0, 0, 0, 2, 0, 79, 0.2958801498127341, 1, 32, 4, 762, 2.853932584269663, 267]	0
a3d149b764aa6000d99d241878dea80e20f0f947	[0, 0, 0, 0, 1, 0, 0, 0, 0, 0, 2, 0, 14, 0.10687022900763359, 1, 6, 3, 146, 1.1145038167938932, 131]	0
4092219d7d82530b352889d71e4e02fc20a76b4d	[0, 1, 0, 1, 1, 1, 0, 1, 1, 1, 2, 1, 4, 0.5, 1, 3, 3, 7, 0.875, 8]	0
5e7c06c29d419344da2696ac691b2f196a78697c	[0, 0, 0, 0, 0, 0, 0, 0, 0, 0, 0, 0, 0, 0.0, 0, 0, 0, 0, 0.0, 6]	0
acf2e53263a275fb4d8b98675a4ba50617060d3e	[0, 6, 0, 0, 6, 1, 0, 6, 0, 0, 24, 1, 187, 1.654867256637168, 1, 88, 5, 852, 7.539823008849558, 113]	1
70d98594216e458fafe66bbf15b8993f6348933d	[0, 6, 0, 0, 6, 1, 0, 6, 1, 0, 26, 6, 131, 7.277777777777778, 1, 20, 8, 123, 6.833333333333333, 18]	0
e6eacb843a8b8fa7ddb0f21e0e1d010b02b51038	[0, 6, 0, 0, 6, 1, 0, 6, 0, 0, 146, 2, 3410, 2.0443645083932855, 1, 328, 4, 6039, 3.620503597122302, 1668]	0
d83c7578cedb4db8eaa02faa0dfe63f5ab3b4dcd	[0, 6, 0, 0, 6, 1, 0, 6, 1, 0, 82, 5, 12323, 5.1995780590717295, 1, 84, 7, 18145, 7.656118143459915, 2370]	0
3529ffe792448364d6e2869cce735d5395b7934a	[0, 1, 1, 1, 13, 2, 1, 2, 1, 4, 38, 8, 87, 4.833333333333333, 4, 12, 9, 57, 3.1666666666666665, 18]	0
1ec66d63e6f00905e61d15c726c891dc325b47ba	[0, 1, 0, 0, 6, 2, 0, 1, 1, 0, 14, 7, 85, 2.9310344827586206, 4, 10, 7, 91, 3.1379310344827585, 29]	0
19a09c164e3123c89c96da2d4c2b886c342cba55	[0, 1, 0, 0, 2, 1, 0, 1, 0, 0, 5, 1, 22, 0.5641025641025641, 1, 8, 3, 63, 1.6153846153846154, 39]	0
bc632c06181742b2f84d5d43b1a59d0772cb779e	[0, 1, 0, 1, 3, 1, 1, 1, 1, 4, 36, 8, 389, 7.203703703703703, 6, 34, 10, 395, 7.314814814814815, 54]	0
236aa9e8a9cf7c74fde7320491394368f91d8ccd	[0, 0, 0, 2, 6, 4, 1, 1, 1, 6, 19, 12, 25, 1.25, 8, 10, 9, 18, 0.9, 20]	1
f521d299fa2878445cbe79a6d9e63f4b79a0f6d6	[0, 1, 0, 0, 6, 1, 0, 1, 1, 0, 18, 5, 778, 4.471264367816092, 1, 32, 6, 1051, 6.040229885057471, 174]	0
55298fd4bb2c358d3da69d0ece91e07a4094bb92	[0, 1, 0, 0, 1, 0, 0, 1, 0, 0, 4, 0, 58, 0.6666666666666666, 1, 15, 6, 429, 4.931034482758621, 87]	0
7edd95ff828db77a3492d63defee676c8fc85ed4	[0, 0, 0, 0, 0, 0, 0, 0, 0, 0, 0, 0, 0, 0.0, 0, 0, 0, 0, 0.0, 15]	0
44e96a33c3cc6fef878464f085910c09fdad2a50	[0, 0, 0, 0, 1, 1, 0, 1, 0, 0, 18, 5, 289, 3.6582278481012658, 7, 44, 10, 592, 7.493670886075949, 79]	0
54d7b3ebee01d5b925c3d4b2943bc30700cae542	[1, 1, 1, 1, 1, 1, 1, 1, 1, 22, 22, 22, 22, 22.0, 22, 22, 22, 22, 22.0, 1]	0
cc19a3915abad4c45b854b4e07abd4f4f645def1	[0, 0, 0, 0, 0, 0, 0, 0, 0, 0, 0, 0, 0, 0.0, 0, 0, 0, 0, 0.0, 7]	0
f485f6389e602428ae649efd681e50ad5d5c1639	[0, 1, 0, 0, 2, 1, 0, 1, 1, 0, 64, 7, 1047, 9.18421052631579, 1, 100, 9, 1735, 15.219298245614034, 114]	0
8d6be7954e08082ef53e9a2f1df90ab30cc99ff8	[0, 6, 0, 0, 6, 1, 0, 6, 0, 0, 18, 1, 387, 1.1483679525222552, 1, 68, 8, 1797, 5.332344213649852, 337]	0
9edda458f924b4a5f09e405a10992cbd36f1359d	[0, 1, 0, 1, 6, 2, 0, 1, 1, 1, 28, 5, 155, 2.8181818181818183, 1, 22, 5, 152, 2.7636363636363637, 55]	0
1870cb4f9781bd1f3285916354e6fa09943a486b	[0, 0, 0, 0, 0, 0, 0, 0, 0, 0, 0, 0, 0, 0.0, 0, 0, 0, 0, 0.0, 1]	0
b006f9a4e8f68890e486d7d8546cdccebdade184	[0, 2, 1, 1, 2, 1, 1, 2, 1, 1, 3, 2, 24, 0.48, 1, 3, 1, 21, 0.42, 50]	0
3e63073075298fc9a2a84eb27abadc36bfc1bc15	[0, 1, 0, 0, 4, 1, 0, 1, 0, 0, 39, 1, 1638, 0.5142857142857142, 1, 48, 4, 5551, 1.7428571428571429, 3185]	0
4d2df717302c13433e27ba454f565e32d9a6588b	[0, 0, 0, 0, 6, 0, 0, 1, 0, 0, 12, 0, 36, 1.2, 2, 12, 4, 120, 4.0, 30]	0
c8d4e8b6b1b94253dfa45d12fec28d9a9c2eb773	[0, 1, 0, 0, 3, 2, 0, 2, 0, 0, 23, 7, 420, 6.176470588235294, 3, 26, 16, 829, 12.191176470588236, 68]	0
7e1e3225ea9aae0a84ea8bc7edad49a3f3464754	[0, 1, 0, 0, 6, 0, 0, 1, 0, 0, 15, 0, 1041, 0.41032715806070164, 1, 322, 9, 20072, 7.911706740244383, 2537]	0
09555daa806b1f04c6bb6af690e9c5cbf601a87a	[0, 0, 0, 0, 0, 0, 0, 0, 0, 0, 0, 0, 0, 0.0, 0, 0, 0, 0, 0.0, 7]	0
7f898efe916d26f113470a410d894235689e79a5	[0, 1, 0, 0, 1, 1, 0, 1, 0, 0, 4, 2, 6, 2.0, 2, 10, 8, 20, 6.666666666666667, 3]	0
a2296059dc5d92c607ca147758790e7a15368bcb	[0, 1, 0, 0, 5, 1, 0, 1, 0, 0, 22, 3, 7166, 2.618195104128608, 1, 59, 12, 24084, 8.79941541834125, 2737]	0
957e12d481d8718b30fef6eaaccb502eee4f3f09	[0, 0, 0, 1, 4, 1, 0, 1, 0, 1, 6, 1, 9, 0.5294117647058824, 4, 5, 4, 17, 1.0, 17]	0
705051933e6f47823296d46bf921aeef2b72f433	[0, 6, 0, 0, 6, 0, 0, 6, 0, 0, 14, 0, 368, 0.5348837209302325, 1, 124, 4, 3224, 4.686046511627907, 688]	0
0ea7f55d33a142e1ad2c66788d2b9c71b0a17f56	[0, 1, 0, 0, 1, 1, 0, 1, 0, 0, 10, 1, 22, 0.8461538461538461, 1, 11, 3, 40, 1.5384615384615385, 26]	0
1c9f578f7b922993ad5055a6d2627be72377bb60	[0, 11, 1, 0, 11, 3, 0, 11, 1, 0, 110, 18, 23738, 14.021264028352038, 1, 74, 14, 18974, 11.207324276432368, 1693]	0
7ebaeac1414563b9f2ef3800bb9baedc46b391fa	[0, 6, 0, 0, 6, 1, 0, 6, 0, 0, 13, 5, 75, 1.7045454545454546, 1, 13, 7, 130, 2.9545454545454546, 44]	0
a9f25eb1fbde0a59cea9cf9910a1c201128c4fcb	[0, 0, 0, 0, 0, 0, 0, 0, 0, 0, 0, 0, 0, 0.0, 0, 0, 0, 0, 0.0, 55]	0
5662e2995df26fb194953d562ea40e0197d564bc	[0, 0, 0, 0, 6, 0, 0, 0, 0, 0, 18, 0, 26, 0.6341463414634146, 3, 22, 12, 236, 5.7560975609756095, 41]	1
58ee88f275ff49aa271d65ffa8ff2e136d1e8019	[0, 0, 0, 0, 6, 0, 0, 0, 0, 0, 12, 1, 14, 1.75, 4, 9, 8, 30, 3.75, 8]	0
53bd7c656dc1ef64116cf8e2e6a54c642dbb9173	[0, 4, 0, 0, 6, 1, 0, 4, 1, 0, 58, 3, 4376, 3.0325710325710324, 1, 104, 5, 6169, 4.2751212751212755, 1443]	0
c0ea352f97fb7440a1ad270f3a39a36332131c15	[0, 6, 0, 0, 6, 1, 0, 6, 0, 0, 24, 1, 600, 1.1173184357541899, 1, 22, 2, 1215, 2.2625698324022347, 537]	1
2fa98fdb4f87f0148fbb3ea45aae020d3cfca6b4	[0, 2, 0, 0, 6, 0, 0, 2, 0, 0, 14, 0, 1308, 0.7822966507177034, 1, 20, 4, 5531, 3.3080143540669855, 1672]	0
4cafd508adce0560b45e6a2af4f5ebb740934e0d	[0, 0, 0, 0, 2, 0, 0, 0, 0, 0, 9, 0, 9, 2.25, 2, 13, 5, 26, 6.5, 4]	0
09ef4e54552d65dd988e77cc81cc331334ee8a00	[0, 0, 0, 0, 0, 0, 0, 0, 0, 0, 0, 0, 0, 0.0, 0, 0, 0, 0, 0.0, 1]	0
05db473c3dbe1f3119ecd40ec5073a150a42af35	[0, 1, 0, 0, 6, 1, 0, 1, 1, 0, 30, 7, 207, 2.6538461538461537, 3, 22, 12, 295, 3.782051282051282, 78]	0
915e1e646220ee6562b8e39d2151dcab2b7eb880	[0, 0, 0, 0, 0, 0, 0, 0, 0, 0, 0, 0, 0, 0.0, 2, 12, 9, 109, 2.2708333333333335, 48]	0
1b633deb77e5ef3e6fc852a04ab57f2da9203a2b	[0, 0, 0, 0, 1, 1, 0, 1, 1, 0, 2, 2, 10, 1.6666666666666667, 3, 5, 3, 20, 3.3333333333333335, 6]	0
692d40f0c16db64b1a734d01396ec143230c2e7b	[0, 0, 0, 2, 2, 2, 0, 0, 0, 8, 8, 8, 8, 4.0, 13, 13, 13, 13, 6.5, 2]	0
5e14e292fa552ddbb71abbbbd5db28bb872a69e7	[0, 0, 0, 1, 1, 1, 0, 0, 0, 2, 2, 2, 2, 0.6666666666666666, 8, 8, 8, 8, 2.6666666666666665, 3]	0
77b403f328eb5eaa3db60e40a93e26d2aebb2822	[0, 0, 0, 0, 6, 6, 0, 0, 0, 0, 28, 12, 66, 4.714285714285714, 4, 22, 11, 55, 3.9285714285714284, 14]	0
1b66f21c300a26088f6ff84a51358fb22ae8e5c9	[0, 1, 0, 0, 2, 0, 0, 1, 0, 0, 146, 0, 251, 1.2487562189054726, 1, 835, 7, 1781, 8.860696517412935, 201]	0
fc70103e16a50da0739c87d03acf2fed7d75e898	[0, 0, 0, 0, 0, 0, 0, 0, 0, 0, 0, 0, 0, 0.0, 5, 20, 8, 90, 6.0, 15]	1
b70b4eba4fa8402d0d0e85b2039d4a990fa01d29	[0, 0, 0, 0, 0, 0, 0, 0, 0, 0, 0, 0, 0, 0.0, 1, 1, 1, 1, 0.2, 5]	0
0fb93e2061892810f6eab97879e4a0ec8c057a54	[0, 1, 0, 0, 2, 1, 0, 2, 0, 0, 7, 1, 115, 0.5133928571428571, 1, 27, 4, 513, 2.2901785714285716, 224]	0
e99a7038c98de2421621b1ddd52075fabb567b80	[0, 6, 0, 0, 6, 1, 0, 6, 0, 0, 38, 2, 1441, 2.021037868162693, 1, 35, 6, 2447, 3.4319775596072932, 713]	0
08b5151423a81f5ece222a2065353b44a3e2776e	[0, 1, 0, 0, 2, 1, 0, 1, 0, 0, 12, 2, 177, 2.2125, 1, 26, 11, 822, 10.275, 80]	0
c79bb0b1980db29924b340afe6e613161e671011	[0, 0, 0, 0, 0, 0, 0, 0, 0, 0, 0, 0, 0, 0.0, 0, 0, 0, 0, 0.0, 3]	0
f8b659e1ce3b1e1efd93e8cddbb676b6e2bd8071	[0, 0, 0, 0, 6, 0, 0, 1, 0, 0, 10, 0, 192, 0.5106382978723404, 1, 24, 6, 1539, 4.093085106382978, 376]	0
e82e2baa7bc8a9b69d91c7894e707b340ec1fcbe	[0, 0, 0, 0, 0, 0, 0, 0, 0, 0, 0, 0, 0, 0.0, 0, 0, 0, 0, 0.0, 3]	0
f6691351825d5fb2045c899b07dc8cfc746031a5	[0, 1, 0, 1, 1, 1, 0, 1, 1, 1, 16, 4, 93, 3.875, 1, 20, 6, 126, 5.25, 24]	0
0e60540ec557cc36773b9b763e44e4fa94be7f13	[0, 1, 0, 0, 2, 2, 0, 1, 1, 0, 16, 5, 385, 3.031496062992126, 4, 31, 6, 555, 4.3700787401574805, 127]	0
73232637f4dec363f613f7585ebf6e76606196cc	[0, 1, 0, 0, 6, 1, 0, 1, 1, 0, 16, 6, 315, 4.701492537313433, 2, 16, 6, 339, 5.059701492537314, 67]	0
e015ed4e25b3a5a5e6e15d981ac8d14ab5d31cba	[0, 6, 0, 0, 6, 1, 0, 6, 0, 0, 36, 1, 1530, 0.8931698774080561, 1, 52, 10, 9931, 5.797431406888499, 1713]	0
d32999ef5f261f478883d6e86d996a400cf38720	[0, 0, 0, 0, 2, 1, 0, 1, 1, 0, 10, 8, 67, 3.7222222222222223, 9, 12, 12, 143, 7.944444444444445, 18]	0
dd553880405147b2649857e6b07da1c1a866e361	[0, 0, 0, 1, 2, 1, 1, 1, 1, 3, 22, 7, 228, 4.30188679245283, 5, 34, 12, 334, 6.30188679245283, 53]	0
4e238fa5e9a2c317beb2cb94a8a5df7d3c8aba39	[0, 1, 0, 0, 2, 0, 0, 1, 0, 0, 6, 0, 107, 0.08946488294314381, 1, 24, 4, 1966, 1.6438127090301002, 1196]	0
3fce187c321740df562406028fdf0457ebe98771	[0, 2, 0, 0, 6, 1, 0, 2, 0, 0, 22, 4, 271, 3.345679012345679, 1, 106, 12, 990, 12.222222222222221, 81]	0
73740534b3152202f511a6d98d96d985813778d3	[0, 0, 0, 1, 1, 1, 0, 1, 0, 2, 8, 6, 22, 2.2, 4, 18, 11, 44, 4.4, 10]	0
535d7dbde62f2a7803d7f9500d3b0fb4f0c5d7c5	[0, 0, 0, 0, 6, 0, 0, 0, 0, 0, 12, 0, 17, 0.7727272727272727, 5, 16, 14, 275, 12.5, 22]	0
e35d1994cf75c505cd4c6a4c34d8e7c22dbc846d	[0, 1, 0, 0, 3, 1, 0, 1, 1, 0, 24, 7, 783, 5.22, 1, 40, 12, 1355, 9.033333333333333, 150]	0
a5c802708300fdaa14216da44fadf6f739158903	[0, 8, 0, 0, 8, 1, 0, 8, 1, 0, 30, 5, 4686, 4.801229508196721, 1, 82, 7, 6558, 6.719262295081967, 976]	0
1728c00eb076f0126fb34718ec7aa8d0c0e2c6bb	[0, 6, 1, 0, 6, 1, 0, 6, 1, 0, 34, 3, 12120, 2.860514514987019, 1, 70, 3, 14157, 3.341279206986075, 4237]	0
9ac24759e6942cada268503c222583be42e4cf63	[0, 1, 0, 0, 2, 1, 0, 1, 0, 0, 12, 2, 101, 2.4634146341463414, 2, 16, 7, 186, 4.536585365853658, 41]	0
20b029137d6dd2903769c3c5225cb38f3ee55a3c	[0, 1, 0, 0, 6, 2, 0, 1, 1, 0, 32, 7, 537, 7.16, 1, 24, 7, 570, 7.6, 75]	0
5a8b4cffd69383c503a3c6b2c6a9f1f07a28966e	[0, 1, 0, 0, 1, 0, 0, 1, 0, 0, 1, 0, 60, 0.1941747572815534, 1, 18, 4, 925, 2.9935275080906147, 309]	0
56982fc6322417b7606af50b2c45c115ca6113f6	[0, 1, 0, 0, 6, 1, 0, 1, 1, 0, 22, 3, 77, 3.347826086956522, 1, 12, 3, 66, 2.869565217391304, 23]	0
0ce914e94e83b2da606493cb1c001ed77fdc8337	[0, 6, 0, 0, 6, 0, 0, 6, 0, 0, 28, 0, 261, 0.21375921375921375, 1, 26, 6, 1912, 1.565929565929566, 1221]	0
6b2b373b03c1176f246bd3b2dab1a5202bdf064e	[1, 1, 1, 1, 1, 1, 1, 1, 1, 2, 2, 2, 2, 2.0, 2, 2, 2, 2, 2.0, 1]	0
e7bc202ea4327112777933a0a898ef0bfafaa751	[0, 0, 0, 0, 4, 1, 0, 0, 0, 0, 12, 2, 14, 4.666666666666667, 3, 12, 6, 21, 7.0, 3]	0
5d47c3ebf445502b0da1ecc254dbfadcf59bce0a	[0, 1, 0, 0, 3, 3, 0, 1, 1, 0, 12, 6, 111, 3.46875, 1, 10, 5, 104, 3.25, 32]	0
f9fa45e4addc6a5f5094b9e843e1c733b444fcf9	[0, 6, 1, 0, 6, 1, 0, 6, 1, 0, 26, 5, 384, 3.9587628865979383, 1, 16, 5, 397, 4.092783505154639, 97]	0
47b49c258bec2983875eed129038f967f38d88eb	[0, 6, 0, 0, 6, 0, 0, 6, 0, 0, 7, 0, 64, 0.48120300751879697, 1, 10, 2, 374, 2.81203007518797, 133]	1
cb1ed93c2b07a1edcc393041b6852012ab8e4c70	[0, 6, 0, 0, 6, 1, 0, 6, 0, 0, 16, 2, 231, 2.566666666666667, 1, 19, 5, 382, 4.2444444444444445, 90]	0
9900c235711556750253acbd90218f348d442d60	[0, 1, 1, 0, 3, 1, 0, 1, 1, 0, 68, 4, 635, 7.7439024390243905, 4, 48, 4, 577, 7.036585365853658, 82]	0
7e1184eac0bcc39ad95b06506331c3e96834b2c4	[0, 0, 0, 0, 6, 0, 0, 0, 0, 0, 6, 0, 6, 0.10344827586206896, 3, 18, 4, 196, 3.3793103448275863, 58]	1
ccc011f8c19cd0c6d590260c3af9abce4ccfd32d	[0, 2, 0, 0, 3, 1, 0, 2, 0, 0, 19, 2, 955, 1.775092936802974, 1, 142, 12, 6067, 11.276951672862454, 538]	0
0b66db8da18d2f8aea1e00eb9cab292ba564893f	[0, 2, 0, 0, 6, 1, 0, 2, 0, 0, 24, 1, 257, 1.0118110236220472, 1, 28, 6, 869, 3.421259842519685, 254]	0
0d66e08501b036318662de90f64b145a76a8fd41	[0, 1, 1, 0, 6, 1, 0, 1, 1, 0, 20, 2, 63, 3.5, 2, 13, 3, 56, 3.111111111111111, 18]	0
fdf562a6074712503619eddd988fc820f695b189	[0, 3, 0, 0, 10, 2, 0, 3, 1, 0, 154, 7, 15476, 4.112676056338028, 1, 130, 12, 21791, 5.79085835769333, 3763]	0
3dd2963be6512541b4821d2c6dbc9e74c887d620	[0, 0, 0, 1, 6, 1, 0, 1, 0, 2, 20, 3, 43, 1.0238095238095237, 6, 16, 6, 72, 1.7142857142857142, 42]	0
621ceb9df7e09e6bc5a526c4de64e349833c0129	[0, 1, 0, 0, 2, 0, 0, 1, 0, 0, 7, 0, 623, 1.0366056572379367, 1, 12, 2, 1814, 3.0183028286189684, 601]	0
993e7a4f4ceaa74ec208d7ea880b8bc78b90cedf	[0, 1, 0, 0, 6, 0, 0, 1, 0, 0, 9, 0, 210, 0.19444444444444445, 1, 48, 6, 3626, 3.3574074074074076, 1080]	0
43e4d89c1e7adb912c6fc61ee727448b7f10825d	[0, 0, 0, 0, 0, 0, 0, 0, 0, 0, 0, 0, 0, 0.0, 0, 0, 0, 0, 0.0, 2]	1
42564ee8ba24d820a94663abb8e95e92298738b3	[0, 0, 0, 1, 1, 1, 0, 1, 0, 1, 7, 2, 14, 0.2, 8, 13, 10, 51, 0.7285714285714285, 70]	0
689bff3e9bbc378fe711c74830578f52345a10ab	[0, 1, 0, 0, 5, 0, 0, 1, 0, 0, 10, 0, 87, 0.6492537313432836, 1, 30, 5, 828, 6.17910447761194, 134]	0
f44f4319d342a61a2f94b838a96d229bea818942	[0, 1, 0, 0, 1, 1, 0, 1, 0, 0, 18, 1, 570, 0.5654761904761905, 1, 420, 10, 13112, 13.007936507936508, 1008]	0
54af34cb0e007ef89934c2c4ec6c110bd3885571	[0, 0, 0, 0, 2, 1, 0, 0, 0, 0, 7, 2, 225, 1.8442622950819672, 2, 18, 7, 828, 6.786885245901639, 122]	0
fbacde5688c933f6ab877be0e4303ed07594d40f	[0, 0, 0, 0, 6, 1, 0, 0, 0, 0, 28, 1, 104, 1.793103448275862, 7, 26, 7, 579, 9.982758620689655, 58]	0
ce23b97c6c1eefdab07b2f249ead09d524ba4587	[0, 6, 0, 0, 6, 1, 0, 6, 0, 0, 10, 2, 95, 2.5675675675675675, 1, 11, 5, 155, 4.1891891891891895, 37]	1
d70125073f34a2675d31783020906ceb9c351c8b	[0, 1, 1, 1, 4, 2, 1, 1, 1, 4, 16, 7, 45, 4.5, 4, 8, 7, 32, 3.2, 10]	0
ebd366c7cf36bd8b1e347dec36244ba415e2bddc	[0, 0, 0, 0, 0, 0, 0, 0, 0, 0, 0, 0, 0, 0.0, 0, 0, 0, 0, 0.0, 4]	0
7b1c0c8888265fd20dfad754b03fac1fa82327f0	[0, 1, 0, 0, 6, 1, 0, 2, 1, 0, 42, 4, 6719, 4.969674556213017, 1, 52, 8, 10738, 7.9423076923076925, 1352]	0
957fc7f66235d9b1f584c07a179ac58a4f47aa34	[0, 0, 0, 0, 0, 0, 0, 0, 0, 0, 0, 0, 0, 0.0, 1, 16, 1, 91, 0.7, 130]	0
4991670fb1b099c12936949d897f496341a0d366	[0, 6, 0, 0, 7, 2, 0, 6, 1, 0, 20, 3, 980, 2.942942942942943, 1, 54, 4, 1107, 3.324324324324324, 333]	0
d6716d389835ced4bda2310790bd4dd44daeab8e	[0, 0, 0, 0, 1, 0, 0, 0, 0, 0, 2, 0, 2, 0.04, 1, 12, 4, 94, 1.88, 50]	0
ffa1d1f80794fe8bdef4bc245088eac54527f17c	[0, 1, 0, 0, 7, 0, 0, 1, 0, 0, 42, 0, 1203, 0.39821251241310823, 1, 42, 1, 3031, 1.0033101621979477, 3021]	0
e7949fd5b72add22221bf8c3aead5d10c9065b15	[0, 0, 0, 0, 0, 0, 0, 0, 0, 0, 0, 0, 0, 0.0, 0, 0, 0, 0, 0.0, 9]	0
d640603488706dd52c5e6f43da9c7b0c79548bfc	[0, 6, 0, 0, 6, 1, 0, 6, 0, 0, 36, 2, 147, 2.1, 1, 29, 6, 274, 3.914285714285714, 70]	0
e1277cf23de6b60a4b7c87f37e3035b0b52da1a6	[0, 2, 0, 0, 2, 0, 0, 2, 0, 0, 6, 0, 47, 0.14285714285714285, 1, 14, 4, 953, 2.896656534954407, 329]	1
fd8621ccd8e6ce7343f53fc0fd2d7617af2db883	[0, 0, 0, 1, 2, 2, 0, 1, 1, 3, 18, 8, 46, 0.8070175438596491, 7, 16, 8, 49, 0.8596491228070176, 57]	0
501abca2b397338062c1d2dca72668e4872b8dad	[0, 6, 1, 0, 6, 1, 0, 6, 1, 0, 28, 1, 115, 1.9491525423728813, 1, 8, 1, 96, 1.6271186440677967, 59]	0
6fae407eb997c5135b1906f5a09f4498a3994d8c	[0, 1, 0, 0, 2, 1, 0, 1, 1, 0, 12, 3, 25, 1.0869565217391304, 2, 12, 5, 42, 1.826086956521739, 23]	0
ce69cfe5228bda9883614c1ca47c2d0a5cdddd4d	[0, 6, 0, 0, 6, 0, 0, 6, 0, 0, 14, 0, 395, 1.3122923588039868, 1, 18, 6, 1576, 5.235880398671096, 301]	0
e6273cc1a8f95f0bc74995446476a6b7e05d14c1	[0, 1, 0, 0, 6, 1, 0, 1, 0, 0, 18, 3, 442, 2.9271523178807946, 1, 78, 8, 1046, 6.927152317880795, 151]	0
744628effb249aaf67843091bb915fec15f4e696	[0, 0, 0, 0, 3, 1, 0, 1, 0, 0, 55, 2, 528, 3.7714285714285714, 1, 97, 6, 1454, 10.385714285714286, 140]	0
e6e43f59bfb839a47b0480ecc9e13cc3bbb99790	[0, 6, 0, 0, 6, 0, 0, 6, 0, 0, 24, 0, 63, 0.4090909090909091, 1, 24, 6, 290, 1.8831168831168832, 154]	0
36ef84fcb8835c4f42fa03244c00c81ccc987781	[0, 0, 0, 0, 0, 0, 0, 0, 0, 0, 0, 0, 0, 0.0, 0, 0, 0, 0, 0.0, 10]	0
ec73951a00b2ea3f65f1698fc8656c27a7ed68b0	[0, 1, 0, 1, 6, 2, 0, 2, 1, 2, 26, 7, 60, 10.0, 3, 12, 7, 40, 6.666666666666667, 6]	0
3d0a9a11149d2243d63e61b6b41e59466beb4d54	[0, 1, 0, 0, 2, 1, 0, 1, 0, 0, 13, 3, 242, 2.42, 2, 16, 6, 437, 4.37, 100]	0
213dd4a8c06b93a5cc93965acf93574bf9fb9e01	[0, 0, 0, 0, 6, 2, 0, 0, 0, 0, 8, 2, 38, 2.923076923076923, 5, 11, 6, 86, 6.615384615384615, 13]	0
976c6891c4d421317482891cb48cbbbbc2cf9b01	[0, 1, 0, 0, 1, 1, 0, 1, 0, 0, 6, 2, 24, 1.1428571428571428, 1, 12, 3, 59, 2.8095238095238093, 21]	0
a8e987af07947ceea3473c902880347868d0116c	[0, 0, 0, 0, 0, 0, 0, 0, 0, 0, 0, 0, 0, 0.0, 0, 0, 0, 0, 0.0, 49]	0
aafbc454661a133ae40766da8284fb64d6295680	[0, 1, 0, 1, 3, 1, 1, 2, 1, 3, 16, 6, 209, 5.358974358974359, 3, 16, 6, 225, 5.769230769230769, 39]	0
e98b2a5142dfaee54ba6118be294f9e2782d29b0	[0, 1, 0, 1, 2, 2, 0, 1, 1, 1, 19, 12, 70, 11.666666666666666, 2, 25, 11, 76, 12.666666666666666, 6]	0
53ead641e96ebc185093f2173e9943fefff5eca5	[0, 0, 0, 0, 3, 1, 0, 1, 0, 0, 27, 3, 623, 1.9529780564263324, 1, 92, 7, 2124, 6.658307210031348, 319]	0
cb3324a9367a18f1dbe0f9e0edd9f1d51790bcde	[0, 1, 0, 0, 2, 2, 0, 1, 1, 0, 36, 7, 260, 10.0, 6, 30, 8, 247, 9.5, 26]	0
8afcfaf695d753cd94cd9dd0671c6d0d0806d254	[0, 1, 0, 0, 3, 1, 0, 1, 1, 0, 24, 6, 1508, 5.060402684563758, 1, 36, 7, 1959, 6.573825503355705, 298]	0
c50f243595b9a79d701901844144f7d481ef5329	[0, 0, 0, 1, 1, 1, 0, 1, 1, 1, 10, 4, 91, 2.4594594594594597, 4, 14, 7, 141, 3.810810810810811, 37]	0
80cde0dbc025bfa86dff710c7ee34fcb69a73e41	[0, 0, 0, 2, 6, 2, 1, 1, 1, 11, 33, 12, 129, 4.03125, 8, 33, 11, 118, 3.6875, 32]	0
7b1f9df13c3b050587318603bb239c4fdb2b6ec2	[0, 1, 0, 0, 2, 1, 0, 1, 0, 0, 14, 3, 61, 4.6923076923076925, 3, 16, 7, 99, 7.615384615384615, 13]	0
3b683b265617ecc696007afb3752f482f779a63d	[0, 6, 0, 0, 6, 0, 0, 6, 0, 0, 24, 0, 201, 0.8271604938271605, 1, 18, 5, 1176, 4.839506172839506, 243]	0
193c5794b063afb43d2ad9cd3725b850d53a0e04	[0, 1, 1, 1, 6, 2, 1, 2, 1, 5, 20, 10, 643, 8.808219178082192, 5, 15, 10, 627, 8.58904109589041, 73]	0
4322a295672eac6eec586ea7eb1aab5dbf409e63	[0, 0, 0, 0, 1, 1, 0, 0, 0, 0, 1, 1, 48, 0.4897959183673469, 1, 12, 11, 574, 5.857142857142857, 98]	0
e75b8634db5905ad407788c22a96bd489400f98a	[0, 1, 0, 0, 3, 1, 0, 2, 0, 0, 30, 1, 1707, 1.305045871559633, 1, 32, 6, 6044, 4.620795107033639, 1308]	0
a6f176977b38aa9935fcbcae3f2fd49706a16379	[0, 0, 0, 0, 1, 1, 0, 1, 0, 0, 5, 2, 144, 1.309090909090909, 2, 9, 7, 572, 5.2, 110]	0
9f929b4922f198a544f25ac7e7acd54ceb003e52	[0, 1, 0, 0, 6, 1, 0, 1, 1, 0, 24, 3, 2888, 3.069075451647184, 1, 37, 6, 3597, 3.822529224229543, 941]	0
40ad1db2e672482472f08579a8b25356a379e32b	[0, 0, 0, 0, 1, 0, 0, 0, 0, 0, 2, 1, 2, 0.13333333333333333, 8, 8, 8, 16, 1.0666666666666667, 15]	0
58bfbc593e2598e02143868900f2ad89a6be8a8a	[0, 6, 0, 0, 6, 0, 0, 6, 0, 0, 15, 0, 1840, 0.8375056895766955, 1, 132, 6, 9252, 4.211197086936732, 2197]	0
bbe3997627d08ee969c44d29752db6d7b0891af8	[0, 0, 0, 0, 0, 0, 0, 0, 0, 0, 0, 0, 0, 0.0, 0, 0, 0, 0, 0.0, 5]	0
dc9be1583ada116134fb5f356f1a38eee5d3e61b	[0, 1, 0, 0, 3, 2, 0, 2, 1, 0, 10, 6, 281, 3.6493506493506493, 1, 9, 5, 308, 4.0, 77]	0
79ebf5fabadf5f0fa74609fc336fe3af4ea927a6	[0, 1, 0, 0, 1, 1, 0, 1, 0, 0, 3, 1, 199, 1.206060606060606, 1, 4, 3, 349, 2.1151515151515152, 165]	0
ee9bedd860eda2058b3baa938c3b11be591283cc	[0, 0, 0, 0, 1, 0, 0, 0, 0, 0, 1, 0, 2, 0.2857142857142857, 2, 3, 3, 14, 2.0, 7]	0
28407a870209dbe2b3f27ff793a105f068264fc0	[0, 2, 0, 0, 4, 1, 0, 2, 1, 0, 40, 6, 3574, 4.259833134684148, 1, 34, 10, 5133, 6.117997616209774, 839]	0
5ac7cc57e9e05f101f011e419364a71990540a79	[0, 0, 0, 6, 6, 6, 1, 1, 1, 14, 16, 15, 30, 15.0, 11, 14, 12, 25, 12.5, 2]	0
5877dae630d8825dcde64c6dd4ca28f507752ce9	[0, 2, 0, 0, 6, 1, 0, 2, 1, 0, 70, 5, 19307, 5.525758443045221, 1, 108, 6, 32344, 9.257012020606755, 3494]	0
1bafebbef36d6889147417f77f14a25b3e0986d8	[0, 1, 0, 0, 6, 1, 0, 1, 1, 0, 30, 2, 109, 5.190476190476191, 1, 16, 10, 134, 6.380952380952381, 21]	0
8c7460c000c6158f6515e209b4fac922181a7416	[0, 0, 0, 0, 6, 0, 0, 0, 0, 0, 6, 0, 6, 1.2, 4, 7, 4, 25, 5.0, 5]	0
e0bde28adabe6bba9a96478a343431be8728c5e0	[0, 6, 0, 0, 6, 2, 0, 6, 1, 0, 26, 9, 971, 6.516778523489933, 1, 16, 7, 735, 4.932885906040268, 149]	0
8e3131a435699ddb64874b3c505c1a2834de4e63	[0, 6, 1, 0, 6, 2, 0, 6, 1, 0, 54, 6, 192, 5.647058823529412, 1, 24, 6, 167, 4.911764705882353, 34]	0
e7f6f694add0198f468c8524016f9542eaed3a66	[0, 6, 1, 0, 6, 2, 0, 6, 1, 0, 28, 8, 639, 6.144230769230769, 1, 18, 10, 668, 6.423076923076923, 104]	0
ab0a42397d964745e12b90af65cbf8b4a687f16b	[0, 0, 0, 0, 6, 1, 0, 1, 0, 0, 9, 2, 20, 2.5, 5, 10, 6, 52, 6.5, 8]	0
776ef0d32a7ab655f65186839a4e0f96273dcb82	[0, 1, 0, 0, 2, 0, 0, 1, 0, 0, 4, 0, 259, 0.23827046918123276, 1, 20, 5, 3412, 3.138914443422263, 1087]	0
2a649dc3c6b428bcedd0750cc6bc743859062ba0	[0, 0, 0, 0, 3, 0, 0, 1, 0, 0, 6, 0, 473, 0.6111111111111112, 1, 56, 6, 5625, 7.267441860465116, 774]	1
47d9c426b6fd31040658fb1e50f69b270d460f34	[0, 0, 0, 1, 1, 1, 1, 1, 1, 3, 6, 4, 119, 0.601010101010101, 4, 8, 5, 155, 0.7828282828282829, 198]	0
ee34afd977acb95ebdf4f9b9ae9c9f8528c9f68e	[0, 1, 0, 0, 6, 0, 0, 2, 0, 0, 106, 0, 8424, 3.421608448415922, 1, 109, 4, 11771, 4.781072298943948, 2462]	0
a5cc19e165a109176c4ab75b89fe9c0643d32397	[0, 2, 0, 0, 6, 2, 0, 2, 1, 0, 50, 13, 639, 6.945652173913044, 2, 44, 14, 650, 7.065217391304348, 92]	0
ccc3a5e413ecc57f71f18a602280d109f960ec6b	[0, 6, 0, 0, 6, 1, 0, 6, 1, 0, 30, 3, 589, 1.7072463768115942, 1, 22, 3, 746, 2.1623188405797102, 345]	0
6600bbde0c9a7d6827d26d916c3c079988753536	[0, 0, 0, 0, 1, 1, 0, 1, 0, 0, 11, 1, 211, 0.8508064516129032, 1, 28, 3, 813, 3.278225806451613, 248]	0
3b112822f20aa3201e222c65bc3008e97a6d5fad	[0, 1, 0, 0, 1, 0, 0, 1, 0, 0, 8, 0, 31, 0.16939890710382513, 1, 14, 2, 135, 0.7377049180327869, 183]	0
fb4389e4ba9d001e390189953edffc905244aa4c	[0, 6, 0, 0, 6, 1, 0, 6, 1, 0, 43, 6, 15467, 4.3191845853113655, 1, 68, 5, 16894, 4.717676626640603, 3581]	0
a1377c5ca6bf427823632f53cf43b95e46b79515	[0, 0, 0, 0, 0, 0, 0, 0, 0, 0, 0, 0, 0, 0.0, 10, 10, 10, 10, 2.0, 5]	0
de7aba86a9605638d2579d17a52d87eb1b4e570d	[1, 1, 1, 1, 6, 3, 1, 1, 1, 1, 8, 4, 9, 0.6923076923076923, 1, 3, 2, 4, 0.3076923076923077, 13]	0
e2a1315af23da706d10e4b2e6b04c55b5795949f	[0, 1, 1, 1, 1, 1, 1, 1, 1, 3, 48, 10, 293, 6.511111111111111, 5, 48, 11, 314, 6.977777777777778, 45]	0
c6ec0c7cd60e6f86206dabe9bfcc72f0bd04e3ca	[0, 0, 0, 0, 3, 1, 0, 1, 0, 0, 9, 1, 477, 0.8043844856661045, 1, 36, 11, 3925, 6.618887015177066, 593]	0
afb08f25f083198394d9b7ba401749635756dc98	[0, 2, 0, 0, 2, 1, 0, 2, 1, 0, 2, 2, 37, 0.9487179487179487, 1, 6, 1, 57, 1.4615384615384615, 39]	0
0c07c4ef213e53bd8e7312f42c7dd29879bb7830	[0, 1, 1, 0, 6, 2, 0, 1, 1, 0, 28, 5, 139, 3.9714285714285715, 3, 12, 5, 127, 3.6285714285714286, 35]	0
0a1bf1508707c21c744a2944cc7d3d2cfbda6c48	[0, 0, 0, 1, 3, 1, 0, 2, 0, 2, 20, 5, 41, 2.05, 4, 14, 10, 59, 2.95, 20]	0
cb5490589c2195a20b93595d1c46f2e89684ae5c	[0, 6, 0, 0, 6, 1, 0, 6, 1, 0, 27, 4, 289, 4.25, 1, 19, 5, 338, 4.970588235294118, 68]	0
7136ff1c5a793abf3a3e5ec9f8eaedaf12cc9056	[0, 2, 0, 0, 6, 1, 0, 3, 0, 0, 144, 4, 5449, 3.2034097589653143, 1, 192, 8, 8289, 4.873015873015873, 1701]	0
f84b9c1a078577e570a82052e1ed6b30394bc83d	[0, 6, 0, 0, 6, 2, 0, 6, 1, 0, 28, 5, 790, 2.476489028213166, 1, 24, 5, 856, 2.683385579937304, 319]	0
dab6b11a01041b0eec718997f83edea2c964ffc2	[0, 0, 0, 0, 6, 0, 0, 3, 0, 0, 12, 0, 18, 0.75, 2, 24, 6, 165, 6.875, 24]	0
b8c88e3b11a2542206887f10db15b3d9a978687f	[0, 0, 0, 0, 0, 0, 0, 0, 0, 0, 0, 0, 0, 0.0, 3, 6, 3, 116, 3.515151515151515, 33]	0
1aa4d9f121a1568529b10419be973a5ebc316b4c	[0, 6, 0, 0, 6, 1, 0, 6, 0, 0, 55, 2, 2766, 1.2734806629834254, 1, 70, 4, 5964, 2.74585635359116, 2172]	0
06ae4ecb4ace2fce9e537bbeb401057289dadabf	[0, 4, 1, 0, 10, 3, 0, 4, 1, 0, 200, 16, 9154, 17.844054580896685, 1, 123, 12, 6705, 13.070175438596491, 513]	0
43ac6d11a5bf9c8eb3bc29e3eeec4df2f09de3e9	[0, 1, 0, 1, 2, 1, 1, 1, 1, 10, 14, 11, 439, 8.12962962962963, 11, 12, 12, 478, 8.851851851851851, 54]	0
2fd565ad286f25b34f3a8da837d5e8696ee813f2	[0, 1, 0, 1, 6, 1, 0, 1, 0, 2, 9, 3, 24, 2.4, 4, 8, 5, 34, 3.4, 10]	0
ca4f54216ab95f5cfdcb2122a9e06ab190c2a69c	[0, 6, 0, 0, 6, 1, 0, 6, 0, 0, 7, 1, 17, 2.125, 1, 7, 3, 27, 3.375, 8]	0
0498f5b6942a515653d34d38b0653ebeb32eb4b6	[0, 1, 1, 0, 1, 1, 0, 1, 1, 0, 2, 1, 38, 0.59375, 1, 7, 1, 57, 0.890625, 64]	0
b4d5ba4ac612ada457e1b32ced473a5937dc7477	[0, 2, 0, 0, 12, 2, 0, 2, 0, 0, 48, 14, 423, 12.818181818181818, 4, 48, 14, 459, 13.909090909090908, 33]	0
92a143d1659271e7c842b2a583cfb8189f377605	[0, 1, 0, 0, 2, 1, 0, 1, 0, 0, 28, 3, 72, 4.5, 4, 34, 5, 108, 6.75, 16]	0
6fe65b0d9d74a051dd9a42d5adfce218a0205015	[0, 1, 0, 0, 6, 1, 0, 1, 0, 0, 30, 2, 1016, 1.6683087027914614, 1, 130, 9, 4536, 7.448275862068965, 609]	0
5352cfd6f0b158d54a1dc8bf1c9076a8048f0772	[0, 1, 0, 0, 1, 1, 0, 1, 1, 0, 10, 2, 116, 2.577777777777778, 2, 15, 3, 176, 3.911111111111111, 45]	0
f5d3a166ec77cc09d429ff03955a885d5255c1a4	[0, 0, 0, 0, 6, 0, 0, 0, 0, 0, 7, 1, 9, 0.34615384615384615, 3, 6, 4, 18, 0.6923076923076923, 26]	0
7fbf3697b615b9d03e70d0ec87977e677f3f6268	[0, 0, 0, 0, 3, 0, 0, 0, 0, 0, 14, 0, 146, 1.2695652173913043, 4, 44, 20, 2302, 20.017391304347825, 115]	0
5e110ff737fb07cd53abbf47df7c657854439806	[0, 1, 0, 1, 2, 1, 0, 2, 0, 2, 8, 2, 12, 3.0, 5, 10, 10, 25, 6.25, 4]	0
9769e809cfa1850fa87c5f0d5c3b87dd39a4aa07	[0, 6, 0, 0, 6, 2, 0, 6, 1, 0, 206, 6, 1750, 10.542168674698795, 1, 206, 8, 2129, 12.825301204819278, 166]	0
606a7800c1eb2a741c7606ef98f5f29c451b30a1	[0, 6, 0, 1, 6, 1, 0, 6, 1, 3, 22, 6, 329, 4.1645569620253164, 1, 20, 9, 431, 5.455696202531645, 79]	0
aba0dece046c83c1d5df7af463b7e8d9e010d366	[0, 6, 0, 0, 6, 1, 0, 6, 0, 0, 28, 2, 206, 1.823008849557522, 1, 18, 4, 315, 2.7876106194690267, 113]	0
fdf5587bb7a0c1bd4989e5bc7b10c21a52ed5dd8	[0, 1, 1, 0, 1, 1, 0, 1, 1, 0, 12, 3, 29, 4.142857142857143, 3, 40, 4, 77, 11.0, 7]	0
9f79e5f3ad3571de75f7dfbc146ec4e1317a6f16	[0, 1, 0, 0, 5, 0, 0, 1, 0, 0, 31, 0, 270, 0.6323185011709602, 1, 33, 4, 1611, 3.7728337236533958, 427]	0
cd6be0035b0207ef24fb18e97696a505c0ec422b	[0, 0, 0, 1, 6, 1, 0, 1, 0, 1, 18, 4, 146, 5.214285714285714, 6, 31, 10, 340, 12.142857142857142, 28]	0
3bc148440944aa495744449be6138c2f2c15553c	[0, 0, 0, 0, 0, 0, 0, 0, 0, 0, 0, 0, 0, 0.0, 0, 0, 0, 0, 0.0, 20]	0
64d7c62811832031387b63375cf628e2dd41ca67	[0, 0, 0, 0, 4, 3, 0, 1, 1, 0, 13, 10, 515, 2.340909090909091, 4, 12, 11, 594, 2.7, 220]	0
c2e963b259a51f15cf223927a69517c446e6bec7	[0, 1, 0, 1, 6, 3, 0, 3, 0, 1, 14, 4, 24, 6.0, 2, 8, 3, 16, 4.0, 4]	0
2282fc29e92e949547a6ef50b0601875de1b33eb	[0, 0, 0, 0, 0, 0, 0, 0, 0, 0, 0, 0, 0, 0.0, 0, 0, 0, 0, 0.0, 31]	1
21f8cd7ca3aca183e574691b1e60c0b6b0997ec1	[0, 1, 0, 0, 2, 1, 0, 1, 0, 0, 12, 1, 216, 0.8503937007874016, 1, 20, 5, 905, 3.562992125984252, 254]	0
b9c978aaec79d06cbc9dba30476dc486f78a188d	[0, 1, 0, 0, 6, 2, 0, 2, 1, 0, 30, 8, 220, 5.5, 1, 22, 8, 200, 5.0, 40]	0
2937c5a578582c13aaf8d0e9e938354b0b1983a9	[0, 0, 0, 1, 2, 1, 0, 0, 0, 4, 12, 12, 40, 8.0, 6, 30, 30, 96, 19.2, 5]	0
14fcda72b9f84dc1f8bb466148783aecdee391be	[0, 1, 0, 0, 6, 1, 0, 1, 0, 0, 16, 2, 181, 1.6160714285714286, 1, 18, 6, 598, 5.339285714285714, 112]	0
c2ab169789d18725d183b95af1055a3fce9f676e	[0, 0, 0, 1, 1, 1, 0, 0, 0, 1, 1, 1, 1, 0.3333333333333333, 4, 4, 4, 4, 1.3333333333333333, 3]	0
81ed3a2893daf2709acb52f10b6687098ac72698	[0, 1, 0, 0, 2, 2, 0, 1, 1, 0, 26, 7, 1289, 5.6535087719298245, 4, 27, 9, 1630, 7.149122807017544, 228]	0
8bcc7f3663183c4a83dcf27d41b8792c734ee75f	[0, 0, 0, 1, 6, 1, 0, 0, 0, 1, 14, 4, 35, 3.5, 8, 32, 11, 84, 8.4, 10]	0
240cc5c1d049095ab4e7bb95c05c326676750b52	[0, 2, 0, 0, 6, 2, 0, 3, 1, 0, 34, 5, 739, 5.514925373134329, 1, 35, 6, 854, 6.373134328358209, 134]	1
9b4265d205af9ee9ab8297da632bccd65db746a7	[0, 0, 0, 0, 0, 0, 0, 0, 0, 0, 0, 0, 0, 0.0, 0, 0, 0, 0, 0.0, 29]	1
0fceff40587b89029814ee1a1409101937d16382	[0, 0, 0, 1, 1, 1, 0, 0, 0, 1, 1, 1, 3, 1.0, 2, 3, 2, 7, 2.3333333333333335, 3]	0
43b3e100881ee7331b29e98a3b09385177f26ba5	[0, 0, 0, 1, 1, 1, 0, 0, 0, 5, 5, 5, 5, 5.0, 10, 10, 10, 10, 10.0, 1]	0
0ea9869be9cad51b4d2550d1f4708a73eab4a680	[0, 1, 0, 1, 2, 1, 0, 1, 1, 1, 12, 8, 332, 2.4962406015037595, 1, 26, 9, 432, 3.2481203007518795, 133]	0
c28e17a100187bebdd91f48d8d80bdec4d327553	[0, 0, 0, 0, 0, 0, 0, 0, 0, 0, 0, 0, 0, 0.0, 0, 0, 0, 0, 0.0, 16]	1
89942b4b6fc2f1fd5fa0168f7addee5dba71e6db	[0, 2, 0, 0, 5, 2, 0, 2, 1, 0, 904, 10, 16925, 14.872583479789103, 1, 894, 25, 25607, 22.50175746924429, 1138]	0
6261ea517b2788e85ebf23450d3b3112ef5fd5f2	[0, 6, 0, 0, 7, 1, 0, 6, 0, 0, 28, 1, 439, 2.360215053763441, 1, 16, 5, 926, 4.978494623655914, 186]	0
be1f29e44619fd0e3ab157f8dabad1b42ad207e0	[0, 1, 0, 0, 6, 2, 0, 1, 0, 0, 464, 10, 3122, 10.65529010238908, 2, 336, 14, 5378, 18.35494880546075, 293]	0
1c82549a81b6aede2f4ebf5541b86949fe93ceca	[0, 0, 0, 1, 6, 3, 0, 1, 0, 11, 12, 11, 23, 0.71875, 8, 18, 13, 26, 0.8125, 32]	0
652cf40011e71766bee2f7afd262542aaf1447af	[0, 0, 0, 0, 0, 0, 0, 0, 0, 0, 0, 0, 0, 0.0, 3, 10, 3, 16, 0.5925925925925926, 27]	0
b5694811f6c82c96b383992341d081ac8b3e4829	[0, 0, 0, 0, 6, 0, 0, 1, 0, 0, 26, 0, 33, 2.5384615384615383, 3, 10, 8, 97, 7.461538461538462, 13]	0
97c9b902ab83c0e9999b67fc6e0e51175e0d2070	[0, 1, 0, 1, 6, 1, 0, 1, 1, 3, 30, 4, 93, 1.3478260869565217, 3, 22, 5, 94, 1.3623188405797102, 69]	0
376cbd47cee0e7031af2fa530e39f63d47d15f8d	[0, 1, 0, 0, 6, 1, 0, 1, 1, 0, 10, 3, 58, 1.7058823529411764, 1, 7, 4, 64, 1.8823529411764706, 34]	0
ae43d06838594b1cb7f1e016210b6e883c4e75d9	[0, 1, 0, 0, 1, 1, 0, 1, 0, 0, 4, 1, 31, 0.36470588235294116, 1, 32, 11, 425, 5.0, 85]	0
65d202fea759a224bf7528a647625889f3d708de	[0, 0, 0, 0, 2, 0, 0, 0, 0, 0, 25, 0, 43, 2.0476190476190474, 3, 53, 12, 154, 7.333333333333333, 21]	1
25491bf8c985f5b5044e64dd99eb2a077c71b969	[0, 1, 1, 0, 3, 1, 0, 1, 1, 0, 17, 2, 30, 1.1538461538461537, 2, 15, 5, 39, 1.5, 26]	0
dfe5a3c98a03c9363d8c52a80aa37cd711a6bc9c	[0, 1, 0, 0, 6, 0, 0, 6, 0, 0, 24, 0, 34, 1.7, 1, 9, 3, 46, 2.3, 20]	0
7573d80972cec3fb3dffc9813c587bbb2dff9b1d	[0, 0, 0, 0, 0, 0, 0, 0, 0, 0, 0, 0, 0, 0.0, 0, 0, 0, 0, 0.0, 4]	0
24281bb3ece0a225912591f022513aaf4917f61d	[0, 0, 0, 0, 1, 0, 0, 0, 0, 0, 1, 0, 1, 0.5, 4, 5, 4, 9, 4.5, 2]	0
ce2efcf21bca931150175417c2e6434bc50fe6ed	[0, 6, 0, 0, 6, 1, 0, 6, 0, 0, 24, 1, 46, 3.5384615384615383, 1, 18, 6, 94, 7.230769230769231, 13]	0
d7ee9f7ce75fa44baa1c4a4000c3d350c43da85a	[0, 1, 0, 0, 6, 1, 0, 1, 1, 0, 30, 7, 517, 4.495652173913044, 1, 30, 9, 643, 5.591304347826087, 115]	0
e0e0d48c8569694b1c442f44b39ee92f41026d21	[0, 1, 0, 0, 6, 1, 0, 2, 0, 0, 11, 2, 727, 1.3768939393939394, 1, 28, 7, 2226, 4.215909090909091, 528]	1
85448f387ee72e9c10abf7b80dbbbbf2b44450d4	[0, 0, 0, 0, 1, 0, 0, 0, 0, 0, 1, 0, 1, 0.1, 4, 20, 8, 102, 10.2, 10]	1
a26677bca76f19fca64a9de8a1788817dc263896	[0, 6, 0, 0, 6, 0, 0, 6, 0, 0, 24, 0, 177, 1.1346153846153846, 1, 18, 3, 428, 2.7435897435897436, 156]	0
b607c6ca4168a5bb56b30873fe2480465869e2c8	[0, 0, 0, 0, 1, 0, 0, 0, 0, 0, 4, 0, 4, 0.17391304347826086, 1, 9, 1, 38, 1.6521739130434783, 23]	0
b88b08960b941c4eecb1d11cb54bf9d9fd64683b	[0, 2, 0, 0, 6, 1, 0, 3, 1, 0, 26, 2, 197, 3.6481481481481484, 1, 26, 3, 248, 4.592592592592593, 54]	0
f1a69ea867bcb2cafea5eb574e222dc6ed40cac0	[0, 6, 0, 0, 6, 1, 0, 6, 1, 0, 54, 5, 337, 6.2407407407407405, 1, 42, 4, 364, 6.7407407407407405, 54]	0
8b3533e29c51e838c90d713bcfefb7e9ea3f1a84	[0, 0, 0, 0, 0, 0, 0, 0, 0, 0, 0, 0, 0, 0.0, 3, 12, 5, 180, 4.7368421052631575, 38]	0
e1b620b65e58a1008fda5c2651043a79ba53c51d	[0, 1, 0, 0, 3, 3, 0, 1, 1, 0, 34, 9, 7907, 4.0778751933986594, 1, 35, 7, 8912, 4.596183599793708, 1939]	0
a67d7021f697d49ac9432dc23046ad79635fbaf3	[0, 0, 0, 0, 2, 1, 0, 1, 0, 0, 13, 2, 380, 3.877551020408163, 2, 23, 11, 964, 9.83673469387755, 98]	0
707801c06ec8990ccd7de1c567cfb27272cb03dc	[0, 1, 0, 0, 1, 1, 0, 1, 0, 0, 6, 1, 82, 1.0123456790123457, 1, 19, 3, 202, 2.493827160493827, 81]	0
18dbc2b5a85a8c569e4ae3cf13d3036b9169816f	[0, 6, 0, 0, 6, 1, 0, 6, 0, 0, 16, 2, 275, 3.021978021978022, 1, 18, 5, 455, 5.0, 91]	0
682865891cd694890fbafa83dfb4f9627cd1e898	[0, 0, 0, 0, 6, 1, 0, 0, 0, 0, 14, 1, 15, 0.40540540540540543, 5, 10, 10, 25, 0.6756756756756757, 37]	0
ab3c01d86c18ffa3cd851f93900e1c03e3bd968e	[0, 0, 0, 0, 0, 0, 0, 0, 0, 0, 0, 0, 0, 0.0, 1, 32, 8, 815, 6.52, 125]	0
8983300836ce028ff345d30c83e91ae804604590	[0, 6, 0, 0, 6, 1, 0, 6, 0, 0, 16, 1, 336, 0.8155339805825242, 1, 21, 3, 1076, 2.6116504854368934, 412]	1
526f252d31d2abeb4b041c92b473a92be4f49a73	[0, 2, 0, 0, 6, 1, 0, 2, 0, 0, 44, 3, 2753, 3.85034965034965, 1, 98, 8, 5639, 7.886713286713286, 715]	0
b3d356ad021bab2568dede78285a9f4dfd9e8f95	[0, 0, 0, 0, 1, 1, 0, 1, 0, 0, 3, 2, 19, 1.9, 4, 5, 5, 46, 4.6, 10]	1
0f1128f4dc3cc073a4ad05d53a33555c30b1230e	[0, 1, 0, 0, 6, 1, 0, 1, 1, 0, 12, 2, 144, 1.5824175824175823, 2, 16, 3, 202, 2.21978021978022, 91]	0
a0e06674a90c1c20e21fc428840d23e9253bddc5	[0, 0, 0, 0, 1, 1, 0, 0, 0, 0, 2, 2, 90, 0.26865671641791045, 1, 5, 5, 233, 0.6955223880597015, 335]	0
3ff9cc4f2b40680ec2354fe4c7c59c07131fe156	[0, 0, 0, 0, 1, 0, 0, 1, 0, 0, 6, 0, 14, 0.0288659793814433, 1, 156, 5, 3204, 6.606185567010309, 485]	0
88e4af6bbefa9eb0bc0aa5a46ff0e37b909bd331	[0, 0, 0, 0, 1, 0, 0, 0, 0, 0, 1, 0, 6, 0.08571428571428572, 1, 4, 3, 110, 1.5714285714285714, 70]	0
397d911575607111c2128ec0ce4304f05f63b7e2	[0, 6, 0, 0, 6, 0, 0, 6, 0, 0, 84, 0, 2135, 0.6525061124694377, 1, 222, 9, 28428, 8.688264058679707, 3272]	0
aad0bc7e7803465b2f9ad2a29e672a84e5496e19	[0, 0, 0, 0, 0, 0, 0, 0, 0, 0, 0, 0, 0, 0.0, 10, 10, 10, 20, 0.22988505747126436, 87]	0
7a775c81e58f5e89fbc2fec9df7bf7b863115a6e	[0, 1, 1, 0, 6, 1, 0, 1, 1, 0, 13, 3, 60, 4.615384615384615, 3, 8, 4, 64, 4.923076923076923, 13]	0
0bc137e2d90ec4888535499e7bef4ca79336a731	[0, 6, 0, 0, 6, 0, 0, 6, 0, 0, 43, 0, 1490, 0.7946666666666666, 1, 40, 7, 6020, 3.2106666666666666, 1875]	0
493075d0803717cd914fa11a0978fdbec736cbe9	[0, 0, 0, 1, 1, 1, 1, 1, 1, 16, 16, 16, 16, 1.4545454545454546, 18, 18, 18, 18, 1.6363636363636365, 11]	0
e5b1d7625958508117ca9ff8bf8bc9adb80cd5df	[0, 6, 0, 0, 6, 1, 0, 6, 0, 0, 16, 3, 290, 2.685185185185185, 1, 30, 6, 582, 5.388888888888889, 108]	0
4268425658933f3ad68d601c8b822ac9107600b9	[0, 1, 1, 0, 6, 1, 0, 1, 1, 0, 26, 9, 342, 7.276595744680851, 8, 24, 9, 336, 7.148936170212766, 47]	0
e36655be1b930dd065baaee80e1dbf5dd5ab0062	[0, 1, 0, 0, 2, 1, 0, 1, 0, 0, 5, 1, 135, 0.3383458646616541, 1, 12, 5, 807, 2.0225563909774436, 399]	0
4c9cea583e4919d0d3df8c6af506a2780b3ad576	[0, 1, 0, 0, 3, 1, 0, 1, 1, 0, 12, 3, 191, 2.1954022988505746, 1, 18, 5, 333, 3.8275862068965516, 87]	0
7932a4850d14532d7b5fb30b0bac89fb474b866f	[0, 0, 0, 1, 1, 1, 0, 1, 0, 1, 4, 1, 8, 0.47058823529411764, 3, 6, 4, 17, 1.0, 17]	0
9ed3c2ecb9ac69da97539866eb7504c3119ba16d	[0, 0, 0, 0, 2, 0, 0, 0, 0, 0, 4, 0, 64, 0.22939068100358423, 1, 30, 5, 1548, 5.548387096774194, 279]	0
95462d96ae12b04baa447e931a62618976ed8801	[0, 0, 0, 0, 0, 0, 0, 0, 0, 0, 0, 0, 0, 0.0, 0, 0, 0, 0, 0.0, 1]	0
5bbe51fe6f40d88dac13bf242b71daf870ae6aa4	[0, 1, 0, 0, 6, 1, 0, 1, 0, 0, 28, 3, 363, 3.63, 4, 42, 6, 582, 5.82, 100]	0
b5e15a6a38e08bc330729539d4d032ac803f0381	[0, 0, 0, 0, 0, 0, 0, 0, 0, 0, 0, 0, 0, 0.0, 0, 0, 0, 0, 0.0, 9]	0
55e39451b20ac1d7556be0ec1cb01e4066fc84fd	[0, 1, 0, 1, 1, 1, 0, 1, 0, 1, 4, 1, 19, 0.6551724137931034, 3, 10, 4, 52, 1.793103448275862, 29]	0
d74897844e2ace4a17b0864cf19015e80baccb13	[0, 0, 0, 0, 0, 0, 0, 0, 0, 0, 0, 0, 0, 0.0, 5, 14, 7, 26, 5.2, 5]	0
e369e9650538e92a9d00269cd7eb79f5c6fce8af	[0, 1, 0, 0, 4, 2, 0, 1, 1, 0, 9, 7, 75, 4.411764705882353, 5, 17, 7, 111, 6.529411764705882, 17]	0
be1120fd84d9b9afc62d2952473228444c79e082	[0, 1, 0, 0, 3, 2, 0, 2, 0, 0, 19, 9, 334, 4.175, 1, 16, 13, 422, 5.275, 80]	0
1b6a0af62843be05c6f7877f9fc4c96ed04e1a0a	[0, 6, 0, 0, 6, 0, 0, 6, 0, 0, 14, 0, 101, 0.9017857142857143, 1, 86, 7, 725, 6.473214285714286, 112]	0
c32cd6a5c187a91c668b683e2c068ac2e7274809	[0, 6, 0, 0, 6, 1, 0, 6, 0, 0, 23, 3, 334, 0.7767441860465116, 1, 31, 6, 644, 1.4976744186046511, 430]	0
bd249edc940fa85bbcfe25c0efeaa7796c15ae9f	[0, 1, 0, 0, 1, 0, 0, 1, 0, 0, 2, 0, 2, 0.06060606060606061, 1, 8, 1, 42, 1.2727272727272727, 33]	0
297f768ed17fea565b7059068f44f914d0fdf003	[0, 0, 0, 0, 1, 1, 0, 1, 0, 0, 4, 1, 17, 0.4358974358974359, 2, 6, 4, 57, 1.4615384615384615, 39]	0
6bf466c2499af5cd561c2f4013bfbc52e2e63a7a	[0, 6, 0, 0, 6, 1, 0, 6, 0, 0, 18, 2, 563, 2.902061855670103, 1, 22, 5, 1073, 5.530927835051546, 194]	0
e856adc19ab18d93c7ed4c48c7dcd4ceaad43251	[0, 0, 0, 0, 0, 0, 0, 0, 0, 0, 0, 0, 0, 0.0, 0, 0, 0, 0, 0.0, 6]	0
e0750b98f159e33f8487dabd8b10d64f1bba79f1	[0, 0, 0, 0, 3, 1, 0, 1, 0, 0, 21, 10, 21, 5.25, 5, 16, 10, 21, 5.25, 4]	0
c3ef612e47c62dca0eb10a4b3e486d1ca77dd1fa	[0, 0, 0, 0, 1, 0, 0, 0, 0, 0, 1, 0, 4, 0.01593625498007968, 1, 14, 3, 809, 3.2231075697211153, 251]	0
95756cd97e393d5b052bd330596385dfed619f8c	[0, 1, 0, 0, 6, 0, 0, 1, 0, 0, 25, 0, 1442, 0.5522788203753352, 1, 120, 7, 18094, 6.9299119111451555, 2611]	0
cff35a59fc79647ebf75af3adb4afca6b07851bd	[0, 6, 0, 0, 6, 1, 0, 6, 1, 0, 36, 3, 792, 2.8592057761732854, 1, 28, 6, 1010, 3.6462093862815883, 277]	0
6eb4d5a02ed8d69f17e2195118062518fb30b3fc	[0, 6, 0, 0, 6, 2, 0, 6, 1, 0, 32, 8, 3097, 4.481910274963821, 1, 58, 11, 3934, 5.693198263386397, 691]	0
127b63e4e30699463e999857fd467cfdd59384ff	[0, 0, 0, 0, 2, 0, 0, 0, 0, 0, 2, 0, 32, 0.43243243243243246, 1, 12, 7, 457, 6.175675675675675, 74]	0
ec1c6a0e7d111f6d2cd22581833196a8d74a9a1f	[0, 6, 0, 0, 6, 2, 0, 6, 1, 0, 27, 5, 3168, 2.508313539192399, 1, 40, 5, 5135, 4.065716547901821, 1263]	0
739acb70fd90e7a1203636d8c47ca3d5ad53c911	[0, 6, 0, 0, 6, 2, 0, 6, 0, 0, 22, 3, 696, 2.8292682926829267, 1, 26, 4, 1043, 4.239837398373984, 246]	1
32db27c8933e35a4d38905e6cf1a820cde5d3726	[0, 1, 0, 0, 3, 0, 0, 1, 0, 0, 14, 0, 1563, 0.6861281826163301, 1, 660, 9, 19976, 8.769095697980685, 2278]	0
b1d4b80c38279aa4a163cdf6e3b1bbdd328327c3	[0, 0, 0, 0, 0, 0, 0, 0, 0, 0, 0, 0, 0, 0.0, 0, 0, 0, 0, 0.0, 3]	0
d9883c6b88cafa5e97b70c75982037462cc88221	[0, 1, 0, 0, 5, 1, 0, 2, 1, 0, 63, 2, 876, 3.6049382716049383, 1, 88, 5, 1262, 5.193415637860082, 243]	0
3eeaeee174526400f69b9a92e5d5ee6416602cc8	[0, 1, 0, 0, 2, 1, 0, 1, 0, 0, 12, 2, 547, 1.5236768802228413, 1, 32, 8, 1811, 5.044568245125348, 359]	0
248ec40a1a4c789dee45415435b0b9e6f3e17112	[0, 0, 0, 0, 0, 0, 0, 0, 0, 0, 0, 0, 0, 0.0, 10, 14, 12, 24, 4.8, 5]	0
6f118bd1ca9c28c82bea6ef2a3c3d65ace47d279	[0, 0, 0, 0, 2, 0, 0, 0, 0, 0, 7, 0, 13, 0.4482758620689655, 1, 17, 3, 61, 2.103448275862069, 29]	0
7cab0e3124cb2943d7a17cdeee596eabea857646	[0, 2, 0, 0, 23, 0, 0, 2, 0, 0, 47, 0, 1459, 1.4431256181998022, 1, 372, 11, 29191, 28.873392680514343, 1011]	0
94a350dc16cfd6480f29505cb1220da02b223b34	[0, 3, 0, 0, 6, 1, 0, 3, 0, 0, 15, 3, 301, 1.6722222222222223, 1, 10, 4, 490, 2.7222222222222223, 180]	0
e4a33d51a0b61968b1e44842b4a8ce98c5e96d5d	[0, 6, 0, 0, 6, 1, 0, 6, 1, 0, 34, 5, 1652, 3.441666666666667, 1, 56, 6, 2426, 5.054166666666666, 480]	0
314503eb0e63817649d727fc7b21983ec689052d	[0, 1, 0, 1, 6, 1, 0, 1, 1, 1, 22, 4, 188, 2.211764705882353, 1, 28, 8, 229, 2.6941176470588237, 85]	0
13522d816cabd03343706fad45bf23f54ae4d252	[0, 6, 0, 0, 6, 1, 0, 6, 1, 0, 28, 6, 6327, 4.800455235204856, 1, 36, 9, 8490, 6.441578148710167, 1318]	1
89b0cb2b7ef6908c4622fca8f3df88dccbd0e3cb	[0, 0, 0, 0, 0, 0, 0, 0, 0, 0, 0, 0, 0, 0.0, 0, 0, 0, 0, 0.0, 47]	1
48fde863787a6d956dde13305808b25b670e5de8	[0, 1, 0, 2, 2, 2, 0, 1, 0, 5, 10, 7, 15, 0.5, 9, 11, 10, 20, 0.6666666666666666, 30]	0
6e1bc176460ad36346d8a3f78fca500d16476fe5	[0, 0, 0, 0, 0, 0, 0, 0, 0, 0, 0, 0, 0, 0.0, 0, 0, 0, 0, 0.0, 11]	1
9a07a790002974795f2496c00990716932181f84	[0, 6, 0, 0, 6, 1, 0, 6, 1, 0, 48, 7, 2265, 2.683649289099526, 1, 48, 10, 2757, 3.2665876777251186, 844]	0
c74a6ba24fecd73217973157c085bedcc17d55ed	[0, 1, 0, 0, 2, 1, 0, 1, 0, 0, 7, 1, 400, 0.9433962264150944, 1, 11, 4, 1022, 2.410377358490566, 424]	0
265f75f5b7f034fd0db0698b0aabb780b3f6a773	[0, 1, 0, 0, 3, 1, 0, 1, 1, 0, 40, 5, 1708, 3.7955555555555556, 1, 42, 8, 1712, 3.8044444444444445, 450]	0
2770d642647c98a85333be226bd7a8e7efb79a9b	[0, 1, 0, 0, 3, 2, 0, 1, 1, 0, 27, 7, 371, 4.313953488372093, 7, 21, 7, 406, 4.72093023255814, 86]	0
f93683a8596201b044c5bf24d0dd9d47aea07756	[0, 6, 0, 0, 6, 2, 0, 6, 0, 0, 16, 4, 496, 2.6524064171122994, 1, 22, 6, 923, 4.935828877005347, 187]	1
fd2a5a99c26b5614e9b14d5a91324fae75564fb6	[0, 0, 0, 0, 0, 0, 0, 0, 0, 0, 0, 0, 0, 0.0, 0, 0, 0, 0, 0.0, 8]	0
71bb5134165a6890eea6ed7455e878c80e97ea01	[0, 0, 0, 0, 2, 0, 0, 0, 0, 0, 5, 0, 5, 0.5555555555555556, 3, 10, 3, 20, 2.2222222222222223, 9]	0
ef0902bc1be809cbc0661a811ef99f4c8b31b0d3	[0, 1, 0, 0, 1, 0, 0, 1, 0, 0, 10, 0, 10, 3.3333333333333335, 4, 10, 8, 22, 7.333333333333333, 3]	0
7c40c5dd2e55cdeaea112f16c8c37a8c40ed80e1	[0, 1, 0, 0, 2, 2, 0, 2, 0, 0, 28, 7, 338, 8.666666666666666, 2, 42, 14, 477, 12.23076923076923, 39]	0
4b4095281bbdbc807f20c47557c0e569b9206292	[0, 1, 0, 1, 2, 2, 0, 1, 1, 2, 14, 10, 280, 4.444444444444445, 2, 12, 10, 271, 4.301587301587301, 63]	0
a8356ba17f9686d4d384a57ea89eeb1e99aa7989	[0, 0, 0, 0, 0, 0, 0, 0, 0, 0, 0, 0, 0, 0.0, 5, 12, 8, 17, 4.25, 4]	0
0de7626dffcbcec9e3dc1c8a721b7726d6db2a0e	[0, 1, 0, 0, 4, 0, 0, 1, 0, 0, 10, 0, 54, 0.8059701492537313, 3, 14, 6, 357, 5.3283582089552235, 67]	0
bd90e3c8d7dcd53eee6bd1e13c5e50ec04cba306	[0, 0, 0, 0, 0, 0, 0, 0, 0, 0, 0, 0, 0, 0.0, 0, 0, 0, 0, 0.0, 2]	0
280bddff344d77c37e51120506897e38b511fa62	[0, 0, 0, 0, 0, 0, 0, 0, 0, 0, 0, 0, 0, 0.0, 0, 0, 0, 0, 0.0, 14]	0
28e0109a0aa1a3203d48d2aba11291c93405d288	[0, 6, 0, 0, 6, 1, 0, 6, 1, 0, 33, 4, 6891, 2.061322165719414, 1, 36, 6, 9183, 2.746933891714029, 3343]	0
2db083d79caa37b73eb081acf113dde2d21532a6	[0, 1, 0, 0, 2, 1, 0, 1, 1, 0, 32, 3, 729, 5.0625, 1, 58, 5, 1182, 8.208333333333334, 144]	0
2d8db6d36cc4a4886cb6eb3dc612f12813bf1ba8	[0, 1, 0, 0, 6, 1, 0, 2, 1, 0, 24, 4, 332, 3.5319148936170213, 1, 30, 6, 480, 5.1063829787234045, 94]	0
5192b8f1764b2c3cdd5541247b3a93bda9b708c2	[0, 2, 0, 0, 3, 1, 0, 2, 0, 0, 30, 5, 4473, 3.264963503649635, 1, 38, 10, 8589, 6.26934306569343, 1370]	0
a6acd815b9bd45a43dbbd0c276be8d3696a88086	[0, 6, 0, 0, 6, 1, 0, 6, 1, 0, 32, 3, 277, 3.2588235294117647, 1, 25, 4, 318, 3.7411764705882353, 85]	0
bf1fcde87e9c34c81648b7a2aa37a2da979bd761	[0, 1, 0, 0, 2, 1, 0, 1, 0, 0, 4, 1, 1213, 0.6226899383983573, 1, 10, 4, 4252, 2.182751540041068, 1948]	0
57865e7d49571938f519b8d7a74928950d898158	[0, 0, 0, 0, 2, 1, 0, 1, 0, 0, 5, 1, 23, 1.0952380952380953, 3, 7, 5, 94, 4.476190476190476, 21]	1
a5fe227f778f8c8504dfe50b8cc5427bae9d1746	[0, 0, 0, 0, 6, 1, 0, 2, 0, 0, 28, 2, 100, 3.4482758620689653, 2, 18, 6, 117, 4.0344827586206895, 29]	0
9edd9908631005e0adb7412fea3e2fe13c37be68	[0, 6, 0, 0, 6, 0, 0, 6, 0, 0, 12, 0, 63, 0.5526315789473685, 1, 12, 4, 413, 3.6228070175438596, 114]	0
79f8339c95c7f0340f32a2048406112fed6ce64e	[0, 6, 0, 0, 6, 2, 0, 6, 1, 0, 28, 6, 563, 4.3984375, 1, 23, 7, 707, 5.5234375, 128]	0
c565c868a64d3c70956ab8748e87b9f436318456	[0, 6, 0, 0, 6, 1, 0, 6, 0, 0, 12, 1, 182, 0.6523297491039427, 1, 38, 7, 1231, 4.412186379928316, 279]	0
0cce2d2ab31f3fdf0736d1a0df1aa38ac711437b	[0, 6, 1, 0, 6, 1, 0, 6, 1, 0, 21, 3, 2007, 3.6624087591240877, 1, 17, 4, 2022, 3.68978102189781, 548]	0
81850fff284b46d024eb19393da05e6c7443923f	[0, 1, 0, 0, 1, 1, 0, 1, 0, 0, 16, 1, 393, 0.9924242424242424, 1, 27, 4, 1324, 3.3434343434343434, 396]	0
c5609d3b5561539981e98b99d3b81f3123d17098	[0, 0, 0, 0, 6, 0, 0, 0, 0, 0, 12, 1, 15, 1.875, 6, 9, 9, 33, 4.125, 8]	0
c4543f142801e8717b5c685f4dfbff00d291463d	[0, 1, 1, 1, 1, 1, 0, 1, 1, 1, 18, 9, 347, 4.565789473684211, 2, 18, 9, 357, 4.697368421052632, 76]	0
616b4bf1e1d9993a9eb7fd114b42478c2db11163	[0, 0, 0, 0, 4, 1, 0, 1, 0, 0, 8, 1, 495, 0.8870967741935484, 1, 36, 8, 2716, 4.867383512544803, 558]	0
